datetime	platform	gsd	ard_metadata_version	catalog_id	utm_zone	quadkey	view:off_nadir	view:azimuth	view:incidence_angle	view:sun_azimuth	view:sun_elevation	proj:epsg	proj:geometry	proj:bbox	tile:data_area	tile:clouds_area	tile:clouds_percent	visual
2022-04-20 08:12:22+00:00	WV02	0.6	0.0.1	10300100D17EB700	36	213131030122	29.2	200.8	56.7	34.9	41.9	32736	{'type': 'Polygon', 'coordinates': [[[285155.94482421875, 6703100.891113281], [285156.25, 6699843.75], [282647.0947265625, 6699843.75], [282582.3974609375, 6702694.091796875], [282776.79443359375, 6702734.069824219], [283066.10107421875, 6702721.862792969], [283259.8876953125, 6702739.562988281], [284896.8505859375, 6703025.817871094], [285155.94482421875, 6703100.891113281]]]}	282582.3974609375,6699843.75,285156.25,6703100.891113281	7.6	0.0	0	https://maxar-opendata.s3.amazonaws.com/events/southafrica-flooding22/ard/36/213131030122/2022-04-20/10300100D17EB700-visual.tif
2022-04-20 08:12:22+00:00	WV02	0.61	0.0.1	10300100D17EB700	36	213131030123	29.3	201.1	56.7	34.9	41.9	32736	{'type': 'Polygon', 'coordinates': [[[290155.94482421875, 6703965.759277344], [290156.25, 6699843.75], [284843.75, 6699843.75], [284843.75, 6703016.357421875], [285117.49267578125, 6703095.0927734375], [285448.30322265625, 6703131.7138671875], [285784.3017578125, 6703208.6181640625], [286536.56005859375, 6703340.4541015625], [287148.13232421875, 6703412.4755859375], [287522.5830078125, 6703500.061035156], [287951.96533203125, 6703558.044433594], [288391.7236328125, 6703659.66796875], [288737.1826171875, 6703703.61328125], [289545.59326171875, 6703878.479003906], [289923.095703125, 6703919.677734375], [290155.94482421875, 6703965.759277344]]]}	284843.75,6699843.75,290156.25,6703965.759277344	19.4	0.0	0	https://maxar-opendata.s3.amazonaws.com/events/southafrica-flooding22/ard/36/213131030123/2022-04-20/10300100D17EB700-visual.tif
2022-04-20 08:12:22+00:00	WV02	0.61	0.0.1	10300100D17EB700	36	213131030131	29.6	202.2	56.3	34.9	41.9	32736	{'type': 'Polygon', 'coordinates': [[[300155.6396484375, 6705860.900878906], [300156.25, 6704843.75], [295153.50341796875, 6704843.75], [296040.34423828125, 6704992.67578125], [296172.4853515625, 6705038.146972656], [296281.1279296875, 6705107.727050781], [296462.70751953125, 6705173.034667969], [296580.2001953125, 6705176.696777344], [296690.36865234375, 6705211.181640625], [296888.73291015625, 6705186.767578125], [297068.17626953125, 6705210.876464844], [297183.53271484375, 6705240.173339844], [297306.21337890625, 6705234.680175781], [297448.73046875, 6705250.549316406], [297719.7265625, 6705325.622558594], [297879.94384765625, 6705384.216308594], [298223.2666015625, 6705478.820800781], [298355.712890625, 6705491.943359375], [298488.1591796875, 6705470.886230469], [298544.61669921875, 6705474.548339844], [298895.56884765625, 6705584.1064453125], [299182.7392578125, 6705648.498535156], [299383.544921875, 6705681.457519531], [299698.79150390625, 6705762.939453125], [299959.716796875, 6705810.546875], [300155.6396484375, 6705860.900878906]]]}	295153.50341796875,6704843.75,300156.25,6705860.900878906	2.4	0.0	0	https://maxar-opendata.s3.amazonaws.com/events/southafrica-flooding22/ard/36/213131030131/2022-04-20/10300100D17EB700-visual.tif
2022-04-20 08:12:22+00:00	WV02	0.61	0.0.1	10300100D17EB700	36	213131030132	29.4	201.7	56.5	34.9	41.9	32736	{'type': 'Polygon', 'coordinates': [[[295155.6396484375, 6704844.3603515625], [295156.25, 6699843.75], [289843.75, 6699843.75], [289844.05517578125, 6703909.606933594], [290443.7255859375, 6704022.521972656], [290759.27734375, 6704097.595214844], [291109.619140625, 6704134.216308594], [291774.2919921875, 6704275.5126953125], [292406.31103515625, 6704369.5068359375], [292555.84716796875, 6704371.9482421875], [292729.79736328125, 6704398.8037109375], [293016.357421875, 6704464.7216796875], [293248.9013671875, 6704544.0673828125], [293482.97119140625, 6704649.658203125], [293672.4853515625, 6704634.704589844], [293941.0400390625, 6704646.6064453125], [294061.279296875, 6704673.4619140625], [294207.763671875, 6704671.630859375], [295155.6396484375, 6704844.3603515625]]]}	289843.75,6699843.75,295156.25,6704844.3603515625	24.1	0.0	0	https://maxar-opendata.s3.amazonaws.com/events/southafrica-flooding22/ard/36/213131030132/2022-04-20/10300100D17EB700-visual.tif
2022-04-20 08:12:22+00:00	WV02	0.61	0.0.1	10300100D17EB700	36	213131030133	29.6	202.2	56.4	34.9	41.9	32736	{'type': 'Polygon', 'coordinates': [[[296417.54150390625, 6705156.25], [300156.25, 6705156.25], [300156.25, 6699843.75], [294843.75, 6699843.75], [294843.75, 6704791.8701171875], [296014.404296875, 6704986.267089844], [296417.54150390625, 6705156.25]]]}	294843.75,6699843.75,300156.25,6705156.25	27.8	0.0	0	https://maxar-opendata.s3.amazonaws.com/events/southafrica-flooding22/ard/36/213131030133/2022-04-20/10300100D17EB700-visual.tif
2022-04-20 08:12:22+00:00	WV02	0.6	0.0.1	10300100D17EB700	36	213131030300	29.2	200.9	56.8	34.9	41.8	32736	{'type': 'Polygon', 'coordinates': [[[282635.19287109375, 6700156.25], [285156.25, 6700156.25], [285156.25, 6694843.75], [282811.58447265625, 6694843.75], [282764.892578125, 6695531.311035156], [282774.35302734375, 6696106.872558594], [282731.3232421875, 6696686.4013671875], [282742.61474609375, 6697008.972167969], [282716.97998046875, 6697632.751464844], [282725.52490234375, 6697833.251953125], [282664.794921875, 6699112.243652344], [282635.19287109375, 6700156.25]]]}	282635.19287109375,6694843.75,285156.25,6700156.25	12.9	0.0	0	https://maxar-opendata.s3.amazonaws.com/events/southafrica-flooding22/ard/36/213131030300/2022-04-20/10300100D17EB700-visual.tif
2022-04-20 08:12:22+00:00	WV02	0.6	0.0.1	10300100D17EB700	36	213131030301	29.2	201.2	56.8	34.9	41.8	32736	{'type': 'Polygon', 'coordinates': [[[284843.75, 6700156.25], [284843.75, 6694843.75], [290156.25, 6694843.75], [290156.25, 6700156.25], [284843.75, 6700156.25]]]}	284843.75,6694843.75,290156.25,6700156.25	28.2	0.0	0	https://maxar-opendata.s3.amazonaws.com/events/southafrica-flooding22/ard/36/213131030301/2022-04-20/10300100D17EB700-visual.tif
2022-04-20 08:12:22+00:00	WV02	0.6	0.0.1	10300100D17EB700	36	213131030302	29.1	201.1	57.0	34.9	41.8	32736	{'type': 'Polygon', 'coordinates': [[[282785.94970703125, 6695156.25], [285156.25, 6695156.25], [285156.25, 6689843.75], [282853.08837890625, 6689843.75], [282871.7041015625, 6692348.937988281], [282785.94970703125, 6695156.25]]]}	282785.94970703125,6689843.75,285156.25,6695156.25	12.2	0.0	0	https://maxar-opendata.s3.amazonaws.com/events/southafrica-flooding22/ard/36/213131030302/2022-04-20/10300100D17EB700-visual.tif
2022-04-20 08:12:22+00:00	WV02	0.6	0.0.1	10300100D17EB700	36	213131030303	29.1	201.4	56.9	34.9	41.8	32736	{'type': 'Polygon', 'coordinates': [[[284843.75, 6695156.25], [284843.75, 6689843.75], [290156.25, 6689843.75], [290156.25, 6695156.25], [284843.75, 6695156.25]]]}	284843.75,6689843.75,290156.25,6695156.25	28.2	0.0	0	https://maxar-opendata.s3.amazonaws.com/events/southafrica-flooding22/ard/36/213131030303/2022-04-20/10300100D17EB700-visual.tif
2022-04-20 08:12:22+00:00	WV02	0.6	0.0.1	10300100D17EB700	36	213131030310	29.3	201.8	56.6	34.9	41.8	32736	{'type': 'Polygon', 'coordinates': [[[289843.75, 6700156.25], [289843.75, 6694843.75], [295156.25, 6694843.75], [295156.25, 6700156.25], [289843.75, 6700156.25]]]}	289843.75,6694843.75,295156.25,6700156.25	28.2	0.0	0	https://maxar-opendata.s3.amazonaws.com/events/southafrica-flooding22/ard/36/213131030310/2022-04-20/10300100D17EB700-visual.tif
2022-04-20 08:12:22+00:00	WV02	0.61	0.0.1	10300100D17EB700	36	213131030311	29.5	202.4	56.5	34.9	41.8	32736	{'type': 'Polygon', 'coordinates': [[[294843.75, 6700156.25], [294843.75, 6694843.75], [300156.25, 6694843.75], [300156.25, 6700156.25], [294843.75, 6700156.25]]]}	294843.75,6694843.75,300156.25,6700156.25	28.2	0.0	0	https://maxar-opendata.s3.amazonaws.com/events/southafrica-flooding22/ard/36/213131030311/2022-04-20/10300100D17EB700-visual.tif
2022-04-20 08:12:22+00:00	WV02	0.61	0.0.1	10300100D17EB700	36	213131031020	29.7	202.5	56.3	34.9	41.9	32736	{'type': 'Polygon', 'coordinates': [[[302598.2666015625, 6706199.035644531], [302627.86865234375, 6704843.75], [299843.75, 6704843.75], [299843.75, 6705791.6259765625], [299962.46337890625, 6705811.1572265625], [300137.3291015625, 6705857.238769531], [300223.388671875, 6705869.140625], [300281.06689453125, 6705865.783691406], [300339.35546875, 6705837.097167969], [300368.0419921875, 6705832.214355469], [300572.81494140625, 6705830.993652344], [300715.33203125, 6705856.628417969], [300978.69873046875, 6705918.5791015625], [301295.47119140625, 6705966.491699219], [301437.68310546875, 6705980.529785156], [301668.39599609375, 6706031.494140625], [302598.2666015625, 6706199.035644531]]]}	299843.75,6704843.75,302627.86865234375,6706199.035644531	3.1	0.0	0	https://maxar-opendata.s3.amazonaws.com/events/southafrica-flooding22/ard/36/213131031020/2022-04-20/10300100D17EB700-visual.tif
2022-04-20 08:12:22+00:00	WV02	0.61	0.0.1	10300100D17EB700	36	213131031022	29.6	202.6	56.3	34.9	41.8	32736	{'type': 'Polygon', 'coordinates': [[[299843.75, 6705156.25], [299843.75, 6699843.75], [302715.14892578125, 6699843.75], [302701.416015625, 6701929.016113281], [302650.45166015625, 6702854.00390625], [302651.3671875, 6703662.7197265625], [302619.62890625, 6705156.25], [299843.75, 6705156.25]]]}	299843.75,6699843.75,302715.14892578125,6705156.25	15.0	0.0	0	https://maxar-opendata.s3.amazonaws.com/events/southafrica-flooding22/ard/36/213131031022/2022-04-20/10300100D17EB700-visual.tif
2022-04-20 08:12:22+00:00	WV02	0.61	0.0.1	10300100D17EB700	36	213131031200	29.5	202.8	56.4	34.9	41.8	32736	{'type': 'Polygon', 'coordinates': [[[299843.75, 6700156.25], [299843.75, 6694843.75], [302809.14306640625, 6694843.75], [302770.99609375, 6695933.532714844], [302725.2197265625, 6698389.2822265625], [302719.7265625, 6700156.25], [299843.75, 6700156.25]]]}	299843.75,6694843.75,302809.14306640625,6700156.25	15.4	0.0	0	https://maxar-opendata.s3.amazonaws.com/events/southafrica-flooding22/ard/36/213131031200/2022-04-20/10300100D17EB700-visual.tif
2022-04-20 08:12:23+00:00	WV02	0.6	0.0.1	10300100D17EB700	36	213131030312	29.2	202.0	56.8	34.9	41.8	32736	{'type': 'Polygon', 'coordinates': [[[289843.75, 6695156.25], [289843.75, 6689843.75], [295156.25, 6689843.75], [295156.25, 6695156.25], [289843.75, 6695156.25]]]}	289843.75,6689843.75,295156.25,6695156.25	28.2	0.0	0	https://maxar-opendata.s3.amazonaws.com/events/southafrica-flooding22/ard/36/213131030312/2022-04-20/10300100D17EB700-visual.tif
2022-04-20 08:12:23+00:00	WV02	0.6	0.0.1	10300100D17EB700	36	213131030313	29.3	202.5	56.6	34.9	41.8	32736	{'type': 'Polygon', 'coordinates': [[[294843.75, 6695156.25], [294843.75, 6689843.75], [300156.25, 6689843.75], [300156.25, 6695156.25], [294843.75, 6695156.25]]]}	294843.75,6689843.75,300156.25,6695156.25	28.2	0.0	0	https://maxar-opendata.s3.amazonaws.com/events/southafrica-flooding22/ard/36/213131030313/2022-04-20/10300100D17EB700-visual.tif
2022-04-20 08:12:23+00:00	WV02	0.6	0.0.1	10300100D17EB700	36	213131030320	28.9	201.2	57.1	34.9	41.8	32736	{'type': 'Polygon', 'coordinates': [[[282845.458984375, 6690156.25], [285156.25, 6690156.25], [285156.25, 6684843.75], [282997.74169921875, 6684843.75], [282963.2568359375, 6685365.905761719], [282977.60009765625, 6685659.7900390625], [282961.73095703125, 6685862.4267578125], [282989.19677734375, 6686120.60546875], [282998.35205078125, 6686541.442871094], [282985.53466796875, 6687109.680175781], [282928.466796875, 6688230.285644531], [282938.53759765625, 6688438.415527344], [282924.49951171875, 6688815.91796875], [282867.12646484375, 6689360.046386719], [282845.458984375, 6690156.25]]]}	282845.458984375,6684843.75,285156.25,6690156.25	11.7	0.0	0	https://maxar-opendata.s3.amazonaws.com/events/southafrica-flooding22/ard/36/213131030320/2022-04-20/10300100D17EB700-visual.tif
2022-04-20 08:12:23+00:00	WV02	0.6	0.0.1	10300100D17EB700	36	213131030321	29.0	201.6	57.0	34.9	41.8	32736	{'type': 'Polygon', 'coordinates': [[[284843.75, 6690156.25], [284843.75, 6684843.75], [290156.25, 6684843.75], [290156.25, 6690156.25], [284843.75, 6690156.25]]]}	284843.75,6684843.75,290156.25,6690156.25	28.2	0.0	0	https://maxar-opendata.s3.amazonaws.com/events/southafrica-flooding22/ard/36/213131030321/2022-04-20/10300100D17EB700-visual.tif
2022-04-20 08:12:23+00:00	WV02	0.6	0.0.1	10300100D17EB700	36	213131030322	28.9	201.4	57.1	34.9	41.8	32736	{'type': 'Polygon', 'coordinates': [[[282975.76904296875, 6685156.25], [285156.25, 6685156.25], [285156.25, 6683301.3916015625], [284452.5146484375, 6683161.315917969], [284079.28466796875, 6683135.070800781], [283475.64697265625, 6683033.142089844], [283296.5087890625, 6682974.853515625], [283034.97314453125, 6682916.564941406], [282998.35205078125, 6684526.672363281], [283006.591796875, 6684765.0146484375], [282975.76904296875, 6685156.25]]]}	282975.76904296875,6682916.564941406,285156.25,6685156.25	4.3	0.0	0	https://maxar-opendata.s3.amazonaws.com/events/southafrica-flooding22/ard/36/213131030322/2022-04-20/10300100D17EB700-visual.tif
2022-04-20 08:12:23+00:00	WV02	0.6	0.0.1	10300100D17EB700	36	213131030323	29.0	201.6	57.1	34.9	41.8	32736	{'type': 'Polygon', 'coordinates': [[[284843.75, 6685156.25], [284843.75, 6683232.421875], [285525.81787109375, 6683375.8544921875], [285754.39453125, 6683395.690917969], [286019.59228515625, 6683472.595214844], [286356.201171875, 6683518.06640625], [286565.24658203125, 6683588.2568359375], [286853.33251953125, 6683657.531738281], [287176.20849609375, 6683703.918457031], [287339.4775390625, 6683703.308105469], [287548.828125, 6683734.436035156], [287840.27099609375, 6683734.436035156], [288125.6103515625, 6683778.991699219], [288330.99365234375, 6683829.650878906], [288474.7314453125, 6683836.364746094], [288707.8857421875, 6683883.6669921875], [289084.47265625, 6683932.800292969], [289516.6015625, 6684038.6962890625], [290156.25, 6684147.644042969], [290156.25, 6685156.25], [284843.75, 6685156.25]]]}	284843.75,6683232.421875,290156.25,6685156.25	7.7	0.0	0	https://maxar-opendata.s3.amazonaws.com/events/southafrica-flooding22/ard/36/213131030323/2022-04-20/10300100D17EB700-visual.tif
2022-04-20 08:12:23+00:00	WV02	0.6	0.0.1	10300100D17EB700	36	213131030330	29.1	202.1	56.9	34.9	41.8	32736	{'type': 'Polygon', 'coordinates': [[[289843.75, 6690156.25], [289843.75, 6684843.75], [294348.7548828125, 6684843.75], [295156.25, 6685024.4140625], [295156.25, 6690156.25], [289843.75, 6690156.25]]]}	289843.75,6684843.75,295156.25,6690156.25	28.1	0.0	0	https://maxar-opendata.s3.amazonaws.com/events/southafrica-flooding22/ard/36/213131030330/2022-04-20/10300100D17EB700-visual.tif
2022-04-20 08:12:23+00:00	WV02	0.6	0.0.1	10300100D17EB700	36	213131030331	29.3	202.7	56.7	34.9	41.8	32736	{'type': 'Polygon', 'coordinates': [[[294843.75, 6690156.25], [294843.75, 6684938.659667969], [295130.615234375, 6685020.446777344], [295534.97314453125, 6685059.2041015625], [295710.44921875, 6685110.168457031], [295827.63671875, 6685109.2529296875], [296232.60498046875, 6685167.236328125], [297184.4482421875, 6685364.3798828125], [297389.83154296875, 6685376.281738281], [297788.0859375, 6685493.7744140625], [298458.8623046875, 6685601.1962890625], [298778.076171875, 6685610.3515625], [299460.14404296875, 6685730.5908203125], [299905.09033203125, 6685834.9609375], [300156.25, 6685845.642089844], [300156.25, 6690156.25], [294843.75, 6690156.25]]]}	294843.75,6684938.659667969,300156.25,6690156.25	25.2	0.0	0	https://maxar-opendata.s3.amazonaws.com/events/southafrica-flooding22/ard/36/213131030331/2022-04-20/10300100D17EB700-visual.tif
2022-04-20 08:12:23+00:00	WV02	0.6	0.0.1	10300100D17EB700	36	213131030332	29.1	202.2	56.9	34.9	41.8	32736	{'type': 'Polygon', 'coordinates': [[[289843.75, 6685156.25], [289843.75, 6684094.23828125], [290124.20654296875, 6684147.94921875], [290218.20068359375, 6684142.150878906], [290585.02197265625, 6684201.0498046875], [291252.13623046875, 6684357.604980469], [291771.8505859375, 6684440.612792969], [291939.0869140625, 6684484.2529296875], [292123.10791015625, 6684484.86328125], [292500.0, 6684569.091796875], [292815.24658203125, 6684662.170410156], [293337.70751953125, 6684694.519042969], [294265.7470703125, 6684826.965332031], [294495.54443359375, 6684891.662597656], [294834.89990234375, 6684936.5234375], [295156.25, 6685024.4140625], [295156.25, 6685156.25], [289843.75, 6685156.25]]]}	289843.75,6684094.23828125,295156.25,6685156.25	3.1	0.0	0	https://maxar-opendata.s3.amazonaws.com/events/southafrica-flooding22/ard/36/213131030332/2022-04-20/10300100D17EB700-visual.tif
2022-04-20 08:12:23+00:00	WV02	0.6	0.0.1	10300100D17EB700	36	213131030333	29.2	202.7	56.8	34.9	41.8	32736	{'type': 'Polygon', 'coordinates': [[[294843.75, 6685156.25], [294843.75, 6684938.659667969], [294844.3603515625, 6684938.659667969], [294844.3603515625, 6684938.96484375], [294845.5810546875, 6684938.96484375], [294845.5810546875, 6684939.270019531], [294846.8017578125, 6684939.270019531], [294846.8017578125, 6684939.5751953125], [294848.0224609375, 6684939.5751953125], [294848.0224609375, 6684939.880371094], [294849.2431640625, 6684939.880371094], [294849.2431640625, 6684940.185546875], [294850.4638671875, 6684940.185546875], [294850.4638671875, 6684940.490722656], [294851.6845703125, 6684940.490722656], [294851.6845703125, 6684940.7958984375], [294852.9052734375, 6684940.7958984375], [294852.9052734375, 6684941.101074219], [294854.1259765625, 6684941.101074219], [294854.1259765625, 6684941.40625], [294855.3466796875, 6684941.40625], [294855.3466796875, 6684941.711425781], [294856.5673828125, 6684941.711425781], [294856.5673828125, 6684942.0166015625], [294857.7880859375, 6684942.0166015625], [294857.7880859375, 6684942.321777344], [294859.0087890625, 6684942.321777344], [294859.0087890625, 6684942.626953125], [294860.2294921875, 6684942.626953125], [294860.2294921875, 6684942.932128906], [294861.4501953125, 6684942.932128906], [294861.4501953125, 6684943.2373046875], [294862.6708984375, 6684943.2373046875], [294862.6708984375, 6684943.542480469], [294864.19677734375, 6684943.542480469], [294864.19677734375, 6684943.84765625], [294865.41748046875, 6684943.84765625], [294865.41748046875, 6684944.152832031], [294866.63818359375, 6684944.152832031], [294866.63818359375, 6684944.4580078125], [294867.85888671875, 6684944.4580078125], [294867.85888671875, 6684944.763183594], [294869.07958984375, 6684944.763183594], [294869.07958984375, 6684945.068359375], [294870.30029296875, 6684945.068359375], [294870.30029296875, 6684945.373535156], [294871.826171875, 6684945.373535156], [294871.826171875, 6684945.6787109375], [294873.046875, 6684945.6787109375], [294873.046875, 6684945.983886719], [294874.267578125, 6684945.983886719], [294874.267578125, 6684946.2890625], [294875.79345703125, 6684946.2890625], [294875.79345703125, 6684946.594238281], [294877.3193359375, 6684946.594238281], [294877.3193359375, 6684946.8994140625], [294878.5400390625, 6684946.8994140625], [294878.5400390625, 6684947.204589844], [294880.06591796875, 6684947.204589844], [294880.06591796875, 6684947.509765625], [294881.28662109375, 6684947.509765625], [294881.28662109375, 6684947.814941406], [294882.8125, 6684947.814941406], [294882.8125, 6684948.1201171875], [294884.33837890625, 6684948.1201171875], [294884.33837890625, 6684948.425292969], [294885.55908203125, 6684948.425292969], [294885.55908203125, 6684948.73046875], [294887.0849609375, 6684948.73046875], [294887.0849609375, 6684949.035644531], [294888.61083984375, 6684949.035644531], [294888.61083984375, 6684949.3408203125], [294890.13671875, 6684949.3408203125], [294890.13671875, 6684949.645996094], [294891.357421875, 6684949.645996094], [294891.357421875, 6684949.951171875], [294892.88330078125, 6684949.951171875], [294892.88330078125, 6684950.256347656], [294894.4091796875, 6684950.256347656], [294894.4091796875, 6684950.5615234375], [294895.93505859375, 6684950.5615234375], [294895.93505859375, 6684950.866699219], [294897.4609375, 6684950.866699219], [294897.4609375, 6684951.171875], [294898.681640625, 6684951.171875], [294898.681640625, 6684951.477050781], [294900.20751953125, 6684951.477050781], [294900.20751953125, 6684951.7822265625], [294901.42822265625, 6684951.7822265625], [294901.42822265625, 6684952.087402344], [294902.64892578125, 6684952.087402344], [294902.64892578125, 6684952.392578125], [294903.86962890625, 6684952.392578125], [294903.86962890625, 6684952.697753906], [294904.78515625, 6684952.697753906], [294904.78515625, 6684953.0029296875], [294906.005859375, 6684953.0029296875], [294906.005859375, 6684953.308105469], [294907.2265625, 6684953.308105469], [294907.2265625, 6684953.61328125], [294908.447265625, 6684953.61328125], [294908.447265625, 6684953.918457031], [294909.66796875, 6684953.918457031], [294909.66796875, 6684954.2236328125], [294910.888671875, 6684954.2236328125], [294910.888671875, 6684954.528808594], [294912.109375, 6684954.528808594], [294912.109375, 6684954.833984375], [294913.330078125, 6684954.833984375], [294913.330078125, 6684955.139160156], [294914.55078125, 6684955.139160156], [294914.55078125, 6684955.4443359375], [294915.771484375, 6684955.4443359375], [294915.771484375, 6684955.749511719], [294917.29736328125, 6684955.749511719], [294917.29736328125, 6684956.0546875], [294918.51806640625, 6684956.0546875], [294918.51806640625, 6684956.359863281], [294919.73876953125, 6684956.359863281], [294919.73876953125, 6684956.6650390625], [294920.95947265625, 6684956.6650390625], [294920.95947265625, 6684956.970214844], [294922.18017578125, 6684956.970214844], [294922.18017578125, 6684957.275390625], [294923.40087890625, 6684957.275390625], [294923.40087890625, 6684957.580566406], [294924.62158203125, 6684957.580566406], [294924.62158203125, 6684957.8857421875], [294925.84228515625, 6684957.8857421875], [294925.84228515625, 6684958.190917969], [294927.06298828125, 6684958.190917969], [294927.06298828125, 6684958.49609375], [294928.28369140625, 6684958.49609375], [294928.28369140625, 6684958.801269531], [294929.50439453125, 6684958.801269531], [294929.50439453125, 6684959.1064453125], [294930.419921875, 6684959.1064453125], [294930.419921875, 6684959.411621094], [294931.33544921875, 6684959.411621094], [294931.33544921875, 6684959.716796875], [294932.2509765625, 6684959.716796875], [294932.2509765625, 6684960.021972656], [294933.4716796875, 6684960.021972656], [294933.4716796875, 6684960.3271484375], [294934.38720703125, 6684960.3271484375], [294934.38720703125, 6684960.632324219], [294935.302734375, 6684960.632324219], [294935.302734375, 6684960.9375], [294936.21826171875, 6684960.9375], [294936.21826171875, 6684961.242675781], [294937.1337890625, 6684961.242675781], [294937.1337890625, 6684961.5478515625], [294938.04931640625, 6684961.5478515625], [294938.04931640625, 6684961.853027344], [294938.96484375, 6684961.853027344], [294938.96484375, 6684962.158203125], [294940.185546875, 6684962.158203125], [294940.185546875, 6684962.463378906], [294941.10107421875, 6684962.463378906], [294941.10107421875, 6684962.7685546875], [294942.0166015625, 6684962.7685546875], [294942.0166015625, 6684963.073730469], [294942.93212890625, 6684963.073730469], [294942.93212890625, 6684963.37890625], [294943.84765625, 6684963.37890625], [294943.84765625, 6684963.684082031], [294944.76318359375, 6684963.684082031], [294944.76318359375, 6684963.9892578125], [294945.6787109375, 6684963.9892578125], [294945.6787109375, 6684964.294433594], [294946.59423828125, 6684964.294433594], [294946.59423828125, 6684964.599609375], [294947.509765625, 6684964.599609375], [294947.509765625, 6684964.904785156], [294948.42529296875, 6684964.904785156], [294948.42529296875, 6684965.2099609375], [294949.3408203125, 6684965.2099609375], [294949.3408203125, 6684965.515136719], [294950.5615234375, 6684965.515136719], [294950.5615234375, 6684965.8203125], [294951.47705078125, 6684965.8203125], [294951.47705078125, 6684966.125488281], [294952.392578125, 6684966.125488281], [294952.392578125, 6684966.4306640625], [294953.30810546875, 6684966.4306640625], [294953.30810546875, 6684966.735839844], [294954.2236328125, 6684966.735839844], [294954.2236328125, 6684967.041015625], [294955.13916015625, 6684967.041015625], [294955.13916015625, 6684967.346191406], [294956.0546875, 6684967.346191406], [294956.0546875, 6684967.6513671875], [294956.6650390625, 6684967.6513671875], [294956.6650390625, 6684967.956542969], [294957.58056640625, 6684967.956542969], [294957.58056640625, 6684968.26171875], [294958.49609375, 6684968.26171875], [294958.49609375, 6684968.566894531], [294959.41162109375, 6684968.566894531], [294959.41162109375, 6684968.8720703125], [294960.02197265625, 6684968.8720703125], [294960.02197265625, 6684969.177246094], [294960.9375, 6684969.177246094], [294960.9375, 6684969.482421875], [294961.5478515625, 6684969.482421875], [294961.5478515625, 6684969.787597656], [294962.46337890625, 6684969.787597656], [294962.46337890625, 6684970.0927734375], [294963.37890625, 6684970.0927734375], [294963.37890625, 6684970.397949219], [294963.9892578125, 6684970.397949219], [294963.9892578125, 6684970.703125], [294964.90478515625, 6684970.703125], [294964.90478515625, 6684971.008300781], [294965.51513671875, 6684971.008300781], [294965.51513671875, 6684971.3134765625], [294966.4306640625, 6684971.3134765625], [294966.4306640625, 6684971.618652344], [294967.34619140625, 6684971.618652344], [294967.34619140625, 6684971.923828125], [294967.95654296875, 6684971.923828125], [294967.95654296875, 6684972.229003906], [294968.8720703125, 6684972.229003906], [294968.8720703125, 6684972.5341796875], [294969.482421875, 6684972.5341796875], [294969.482421875, 6684972.839355469], [294970.39794921875, 6684972.839355469], [294970.39794921875, 6684973.14453125], [294971.3134765625, 6684973.14453125], [294971.3134765625, 6684973.449707031], [294971.923828125, 6684973.449707031], [294971.923828125, 6684973.7548828125], [294972.83935546875, 6684973.7548828125], [294972.83935546875, 6684974.060058594], [294973.7548828125, 6684974.060058594], [294973.7548828125, 6684974.365234375], [294974.365234375, 6684974.365234375], [294974.365234375, 6684974.670410156], [294975.28076171875, 6684974.670410156], [294975.28076171875, 6684974.9755859375], [294976.1962890625, 6684974.9755859375], [294976.1962890625, 6684975.280761719], [294976.806640625, 6684975.280761719], [294976.806640625, 6684975.5859375], [294977.72216796875, 6684975.5859375], [294977.72216796875, 6684975.891113281], [294978.6376953125, 6684975.891113281], [294978.6376953125, 6684976.1962890625], [294979.248046875, 6684976.1962890625], [294979.248046875, 6684976.501464844], [294980.16357421875, 6684976.501464844], [294980.16357421875, 6684976.806640625], [294981.0791015625, 6684976.806640625], [294981.0791015625, 6684977.111816406], [294981.689453125, 6684977.111816406], [294981.689453125, 6684977.4169921875], [294982.60498046875, 6684977.4169921875], [294982.60498046875, 6684977.722167969], [294983.5205078125, 6684977.722167969], [294983.5205078125, 6684978.02734375], [294984.130859375, 6684978.02734375], [294984.130859375, 6684978.332519531], [294985.04638671875, 6684978.332519531], [294985.04638671875, 6684978.6376953125], [294985.9619140625, 6684978.6376953125], [294985.9619140625, 6684978.942871094], [294986.572265625, 6684978.942871094], [294986.572265625, 6684979.248046875], [294987.48779296875, 6684979.248046875], [294987.48779296875, 6684979.553222656], [294988.09814453125, 6684979.553222656], [294988.09814453125, 6684979.8583984375], [294989.013671875, 6684979.8583984375], [294989.013671875, 6684980.163574219], [294989.6240234375, 6684980.163574219], [294989.6240234375, 6684980.46875], [294990.53955078125, 6684980.46875], [294990.53955078125, 6684980.773925781], [294991.14990234375, 6684980.773925781], [294991.14990234375, 6684981.0791015625], [294992.0654296875, 6684981.0791015625], [294992.0654296875, 6684981.384277344], [294992.67578125, 6684981.384277344], [294992.67578125, 6684981.689453125], [294993.59130859375, 6684981.689453125], [294993.59130859375, 6684981.994628906], [294994.5068359375, 6684981.994628906], [294994.5068359375, 6684982.2998046875], [294995.1171875, 6684982.2998046875], [294995.1171875, 6684982.604980469], [294996.03271484375, 6684982.604980469], [294996.03271484375, 6684982.91015625], [294996.64306640625, 6684982.91015625], [294996.64306640625, 6684983.215332031], [294997.55859375, 6684983.215332031], [294997.55859375, 6684983.5205078125], [294998.1689453125, 6684983.5205078125], [294998.1689453125, 6684983.825683594], [294999.08447265625, 6684983.825683594], [294999.08447265625, 6684984.130859375], [294999.69482421875, 6684984.130859375], [294999.69482421875, 6684984.436035156], [295000.6103515625, 6684984.436035156], [295000.6103515625, 6684984.7412109375], [295001.220703125, 6684984.7412109375], [295001.220703125, 6684985.046386719], [295002.13623046875, 6684985.046386719], [295002.13623046875, 6684985.3515625], [295003.0517578125, 6684985.3515625], [295003.0517578125, 6684985.656738281], [295003.662109375, 6684985.656738281], [295003.662109375, 6684985.9619140625], [295004.57763671875, 6684985.9619140625], [295004.57763671875, 6684986.267089844], [295005.18798828125, 6684986.267089844], [295005.18798828125, 6684986.572265625], [295006.103515625, 6684986.572265625], [295006.103515625, 6684986.877441406], [295007.01904296875, 6684986.877441406], [295007.01904296875, 6684987.1826171875], [295007.62939453125, 6684987.1826171875], [295007.62939453125, 6684987.487792969], [295008.544921875, 6684987.487792969], [295008.544921875, 6684987.79296875], [295009.46044921875, 6684987.79296875], [295009.46044921875, 6684988.098144531], [295010.07080078125, 6684988.098144531], [295010.07080078125, 6684988.4033203125], [295010.986328125, 6684988.4033203125], [295010.986328125, 6684988.708496094], [295011.5966796875, 6684988.708496094], [295011.5966796875, 6684989.013671875], [295012.51220703125, 6684989.013671875], [295012.51220703125, 6684989.318847656], [295013.427734375, 6684989.318847656], [295013.427734375, 6684989.6240234375], [295014.0380859375, 6684989.6240234375], [295014.0380859375, 6684989.929199219], [295014.95361328125, 6684989.929199219], [295014.95361328125, 6684990.234375], [295015.869140625, 6684990.234375], [295015.869140625, 6684990.539550781], [295016.78466796875, 6684990.539550781], [295016.78466796875, 6684990.8447265625], [295017.39501953125, 6684990.8447265625], [295017.39501953125, 6684991.149902344], [295018.310546875, 6684991.149902344], [295018.310546875, 6684991.455078125], [295019.22607421875, 6684991.455078125], [295019.22607421875, 6684991.760253906], [295019.83642578125, 6684991.760253906], [295019.83642578125, 6684992.0654296875], [295020.751953125, 6684992.0654296875], [295020.751953125, 6684992.370605469], [295021.66748046875, 6684992.370605469], [295021.66748046875, 6684992.67578125], [295022.5830078125, 6684992.67578125], [295022.5830078125, 6684992.980957031], [295023.193359375, 6684992.980957031], [295023.193359375, 6684993.2861328125], [295024.10888671875, 6684993.2861328125], [295024.10888671875, 6684993.591308594], [295025.0244140625, 6684993.591308594], [295025.0244140625, 6684993.896484375], [295025.634765625, 6684993.896484375], [295025.634765625, 6684994.201660156], [295026.55029296875, 6684994.201660156], [295026.55029296875, 6684994.5068359375], [295027.4658203125, 6684994.5068359375], [295027.4658203125, 6684994.812011719], [295028.38134765625, 6684994.812011719], [295028.38134765625, 6684995.1171875], [295028.99169921875, 6684995.1171875], [295028.99169921875, 6684995.422363281], [295029.9072265625, 6684995.422363281], [295029.9072265625, 6684995.7275390625], [295030.82275390625, 6684995.7275390625], [295030.82275390625, 6684996.032714844], [295031.73828125, 6684996.032714844], [295031.73828125, 6684996.337890625], [295032.3486328125, 6684996.337890625], [295032.3486328125, 6684996.643066406], [295033.26416015625, 6684996.643066406], [295033.26416015625, 6684996.9482421875], [295034.1796875, 6684996.9482421875], [295034.1796875, 6684997.253417969], [295035.09521484375, 6684997.253417969], [295035.09521484375, 6684997.55859375], [295035.70556640625, 6684997.55859375], [295035.70556640625, 6684997.863769531], [295036.62109375, 6684997.863769531], [295036.62109375, 6684998.1689453125], [295037.53662109375, 6684998.1689453125], [295037.53662109375, 6684998.474121094], [295038.4521484375, 6684998.474121094], [295038.4521484375, 6684998.779296875], [295039.0625, 6684998.779296875], [295039.0625, 6684999.084472656], [295039.97802734375, 6684999.084472656], [295039.97802734375, 6684999.3896484375], [295040.8935546875, 6684999.3896484375], [295040.8935546875, 6684999.694824219], [295041.80908203125, 6684999.694824219], [295041.80908203125, 6685000.0], [295042.724609375, 6685000.0], [295042.724609375, 6685000.305175781], [295043.64013671875, 6685000.305175781], [295043.64013671875, 6685000.6103515625], [295044.5556640625, 6685000.6103515625], [295044.5556640625, 6685000.915527344], [295045.47119140625, 6685000.915527344], [295045.47119140625, 6685001.220703125], [295046.69189453125, 6685001.220703125], [295046.69189453125, 6685001.525878906], [295047.607421875, 6685001.525878906], [295047.607421875, 6685001.8310546875], [295048.828125, 6685001.8310546875], [295048.828125, 6685002.136230469], [295050.048828125, 6685002.136230469], [295050.048828125, 6685002.44140625], [295050.96435546875, 6685002.44140625], [295050.96435546875, 6685002.746582031], [295052.18505859375, 6685002.746582031], [295052.18505859375, 6685003.0517578125], [295053.1005859375, 6685003.0517578125], [295053.1005859375, 6685003.356933594], [295054.3212890625, 6685003.356933594], [295054.3212890625, 6685003.662109375], [295055.23681640625, 6685003.662109375], [295055.23681640625, 6685003.967285156], [295056.45751953125, 6685003.967285156], [295056.45751953125, 6685004.2724609375], [295057.373046875, 6685004.2724609375], [295057.373046875, 6685004.577636719], [295058.59375, 6685004.577636719], [295058.59375, 6685004.8828125], [295059.50927734375, 6685004.8828125], [295059.50927734375, 6685005.187988281], [295060.72998046875, 6685005.187988281], [295060.72998046875, 6685005.4931640625], [295061.6455078125, 6685005.4931640625], [295061.6455078125, 6685005.798339844], [295062.8662109375, 6685005.798339844], [295062.8662109375, 6685006.103515625], [295063.78173828125, 6685006.103515625], [295063.78173828125, 6685006.408691406], [295065.00244140625, 6685006.408691406], [295065.00244140625, 6685006.7138671875], [295065.91796875, 6685006.7138671875], [295065.91796875, 6685007.019042969], [295066.83349609375, 6685007.019042969], [295066.83349609375, 6685007.32421875], [295068.05419921875, 6685007.32421875], [295068.05419921875, 6685007.629394531], [295068.9697265625, 6685007.629394531], [295068.9697265625, 6685007.9345703125], [295070.1904296875, 6685007.9345703125], [295070.1904296875, 6685008.239746094], [295071.10595703125, 6685008.239746094], [295071.10595703125, 6685008.544921875], [295072.32666015625, 6685008.544921875], [295072.32666015625, 6685008.850097656], [295073.54736328125, 6685008.850097656], [295073.54736328125, 6685009.1552734375], [295074.76806640625, 6685009.1552734375], [295074.76806640625, 6685009.460449219], [295076.2939453125, 6685009.460449219], [295076.2939453125, 6685009.765625], [295077.5146484375, 6685009.765625], [295077.5146484375, 6685010.070800781], [295079.04052734375, 6685010.070800781], [295079.04052734375, 6685010.3759765625], [295080.56640625, 6685010.3759765625], [295080.56640625, 6685010.681152344], [295082.09228515625, 6685010.681152344], [295082.09228515625, 6685010.986328125], [295083.31298828125, 6685010.986328125], [295083.31298828125, 6685011.291503906], [295084.8388671875, 6685011.291503906], [295084.8388671875, 6685011.5966796875], [295086.36474609375, 6685011.5966796875], [295086.36474609375, 6685011.901855469], [295087.58544921875, 6685011.901855469], [295087.58544921875, 6685012.20703125], [295089.111328125, 6685012.20703125], [295089.111328125, 6685012.512207031], [295090.63720703125, 6685012.512207031], [295090.63720703125, 6685012.8173828125], [295092.1630859375, 6685012.8173828125], [295092.1630859375, 6685013.122558594], [295093.3837890625, 6685013.122558594], [295093.3837890625, 6685013.427734375], [295094.90966796875, 6685013.427734375], [295094.90966796875, 6685013.732910156], [295096.13037109375, 6685013.732910156], [295096.13037109375, 6685014.0380859375], [295097.65625, 6685014.0380859375], [295097.65625, 6685014.343261719], [295099.18212890625, 6685014.343261719], [295099.18212890625, 6685014.6484375], [295100.40283203125, 6685014.6484375], [295100.40283203125, 6685014.953613281], [295102.23388671875, 6685014.953613281], [295102.23388671875, 6685015.2587890625], [295103.759765625, 6685015.2587890625], [295103.759765625, 6685015.563964844], [295105.28564453125, 6685015.563964844], [295105.28564453125, 6685015.869140625], [295107.11669921875, 6685015.869140625], [295107.11669921875, 6685016.174316406], [295108.642578125, 6685016.174316406], [295108.642578125, 6685016.4794921875], [295110.4736328125, 6685016.4794921875], [295110.4736328125, 6685016.784667969], [295112.3046875, 6685016.784667969], [295112.3046875, 6685017.08984375], [295113.83056640625, 6685017.08984375], [295113.83056640625, 6685017.395019531], [295115.66162109375, 6685017.395019531], [295115.66162109375, 6685017.7001953125], [295117.1875, 6685017.7001953125], [295117.1875, 6685018.005371094], [295119.0185546875, 6685018.005371094], [295119.0185546875, 6685018.310546875], [295120.54443359375, 6685018.310546875], [295120.54443359375, 6685018.615722656], [295122.37548828125, 6685018.615722656], [295122.37548828125, 6685018.9208984375], [295123.9013671875, 6685018.9208984375], [295123.9013671875, 6685019.226074219], [295125.732421875, 6685019.226074219], [295125.732421875, 6685019.53125], [295127.25830078125, 6685019.53125], [295127.25830078125, 6685019.836425781], [295129.08935546875, 6685019.836425781], [295129.08935546875, 6685020.1416015625], [295130.615234375, 6685020.1416015625], [295130.615234375, 6685020.446777344], [295132.4462890625, 6685020.446777344], [295132.4462890625, 6685020.751953125], [295134.27734375, 6685020.751953125], [295134.27734375, 6685021.057128906], [295136.1083984375, 6685021.057128906], [295136.1083984375, 6685021.3623046875], [295137.939453125, 6685021.3623046875], [295137.939453125, 6685021.667480469], [295139.7705078125, 6685021.667480469], [295139.7705078125, 6685021.97265625], [295141.6015625, 6685021.97265625], [295141.6015625, 6685022.277832031], [295143.4326171875, 6685022.277832031], [295143.4326171875, 6685022.5830078125], [295145.263671875, 6685022.5830078125], [295145.263671875, 6685022.888183594], [295147.0947265625, 6685022.888183594], [295147.0947265625, 6685023.193359375], [295148.92578125, 6685023.193359375], [295148.92578125, 6685023.498535156], [295150.7568359375, 6685023.498535156], [295150.7568359375, 6685023.8037109375], [295152.587890625, 6685023.8037109375], [295152.587890625, 6685024.108886719], [295154.4189453125, 6685024.108886719], [295154.4189453125, 6685024.4140625], [295156.25, 6685024.4140625], [295156.25, 6685024.719238281], [295158.0810546875, 6685024.719238281], [295158.0810546875, 6685025.0244140625], [295160.21728515625, 6685025.0244140625], [295160.21728515625, 6685025.329589844], [295162.04833984375, 6685025.329589844], [295162.04833984375, 6685025.634765625], [295164.1845703125, 6685025.634765625], [295164.1845703125, 6685025.939941406], [295166.32080078125, 6685025.939941406], [295166.32080078125, 6685026.2451171875], [295168.15185546875, 6685026.2451171875], [295168.15185546875, 6685026.550292969], [295170.2880859375, 6685026.550292969], [295170.2880859375, 6685026.85546875], [295172.42431640625, 6685026.85546875], [295172.42431640625, 6685027.160644531], [295174.25537109375, 6685027.160644531], [295174.25537109375, 6685027.4658203125], [295176.3916015625, 6685027.4658203125], [295176.3916015625, 6685027.770996094], [295178.52783203125, 6685027.770996094], [295178.52783203125, 6685028.076171875], [295180.35888671875, 6685028.076171875], [295180.35888671875, 6685028.381347656], [295182.4951171875, 6685028.381347656], [295182.4951171875, 6685028.6865234375], [295184.326171875, 6685028.6865234375], [295184.326171875, 6685028.991699219], [295186.46240234375, 6685028.991699219], [295186.46240234375, 6685029.296875], [295188.5986328125, 6685029.296875], [295188.5986328125, 6685029.602050781], [295190.73486328125, 6685029.602050781], [295190.73486328125, 6685029.9072265625], [295193.17626953125, 6685029.9072265625], [295193.17626953125, 6685030.212402344], [295195.61767578125, 6685030.212402344], [295195.61767578125, 6685030.517578125], [295198.05908203125, 6685030.517578125], [295198.05908203125, 6685030.822753906], [295200.1953125, 6685030.822753906], [295200.1953125, 6685031.1279296875], [295202.63671875, 6685031.1279296875], [295202.63671875, 6685031.433105469], [295205.078125, 6685031.433105469], [295205.078125, 6685031.73828125], [295207.51953125, 6685031.73828125], [295207.51953125, 6685032.043457031], [295209.9609375, 6685032.043457031], [295209.9609375, 6685032.3486328125], [295212.40234375, 6685032.3486328125], [295212.40234375, 6685032.653808594], [295214.53857421875, 6685032.653808594], [295214.53857421875, 6685032.958984375], [295216.97998046875, 6685032.958984375], [295216.97998046875, 6685033.264160156], [295219.7265625, 6685033.264160156], [295219.7265625, 6685033.5693359375], [295222.7783203125, 6685033.5693359375], [295222.7783203125, 6685033.874511719], [295225.52490234375, 6685033.874511719], [295225.52490234375, 6685034.1796875], [295228.271484375, 6685034.1796875], [295228.271484375, 6685034.484863281], [295231.3232421875, 6685034.484863281], [295231.3232421875, 6685034.7900390625], [295234.06982421875, 6685034.7900390625], [295234.06982421875, 6685035.095214844], [295236.81640625, 6685035.095214844], [295236.81640625, 6685035.400390625], [295239.8681640625, 6685035.400390625], [295239.8681640625, 6685035.705566406], [295242.61474609375, 6685035.705566406], [295242.61474609375, 6685036.0107421875], [295245.361328125, 6685036.0107421875], [295245.361328125, 6685036.315917969], [295248.71826171875, 6685036.315917969], [295248.71826171875, 6685036.62109375], [295252.38037109375, 6685036.62109375], [295252.38037109375, 6685036.926269531], [295255.7373046875, 6685036.926269531], [295255.7373046875, 6685037.2314453125], [295259.3994140625, 6685037.2314453125], [295259.3994140625, 6685037.536621094], [295263.0615234375, 6685037.536621094], [295263.0615234375, 6685037.841796875], [295266.41845703125, 6685037.841796875], [295266.41845703125, 6685038.146972656], [295270.08056640625, 6685038.146972656], [295270.08056640625, 6685038.4521484375], [295273.4375, 6685038.4521484375], [295273.4375, 6685038.757324219], [295277.099609375, 6685038.757324219], [295277.099609375, 6685039.0625], [295280.76171875, 6685039.0625], [295280.76171875, 6685039.367675781], [295284.11865234375, 6685039.367675781], [295284.11865234375, 6685039.6728515625], [295287.78076171875, 6685039.6728515625], [295287.78076171875, 6685039.978027344], [295291.1376953125, 6685039.978027344], [295291.1376953125, 6685040.283203125], [295294.7998046875, 6685040.283203125], [295294.7998046875, 6685040.588378906], [295298.4619140625, 6685040.588378906], [295298.4619140625, 6685040.8935546875], [295301.81884765625, 6685040.8935546875], [295301.81884765625, 6685041.198730469], [295305.17578125, 6685041.198730469], [295305.17578125, 6685041.50390625], [295307.6171875, 6685041.50390625], [295307.6171875, 6685041.809082031], [295309.75341796875, 6685041.809082031], [295309.75341796875, 6685042.1142578125], [295312.19482421875, 6685042.1142578125], [295312.19482421875, 6685042.419433594], [295314.63623046875, 6685042.419433594], [295314.63623046875, 6685042.724609375], [295317.07763671875, 6685042.724609375], [295317.07763671875, 6685043.029785156], [295319.51904296875, 6685043.029785156], [295319.51904296875, 6685043.3349609375], [295321.6552734375, 6685043.3349609375], [295321.6552734375, 6685043.640136719], [295324.0966796875, 6685043.640136719], [295324.0966796875, 6685043.9453125], [295326.5380859375, 6685043.9453125], [295326.5380859375, 6685044.250488281], [295328.9794921875, 6685044.250488281], [295328.9794921875, 6685044.5556640625], [295331.4208984375, 6685044.5556640625], [295331.4208984375, 6685044.860839844], [295333.8623046875, 6685044.860839844], [295333.8623046875, 6685045.166015625], [295335.99853515625, 6685045.166015625], [295335.99853515625, 6685045.471191406], [295338.43994140625, 6685045.471191406], [295338.43994140625, 6685045.7763671875], [295340.88134765625, 6685045.7763671875], [295340.88134765625, 6685046.081542969], [295343.32275390625, 6685046.081542969], [295343.32275390625, 6685046.38671875], [295345.76416015625, 6685046.38671875], [295345.76416015625, 6685046.691894531], [295347.900390625, 6685046.691894531], [295347.900390625, 6685046.9970703125], [295350.341796875, 6685046.9970703125], [295350.341796875, 6685047.302246094], [295352.783203125, 6685047.302246094], [295352.783203125, 6685047.607421875], [295355.224609375, 6685047.607421875], [295355.224609375, 6685047.912597656], [295357.666015625, 6685047.912597656], [295357.666015625, 6685048.2177734375], [295360.107421875, 6685048.2177734375], [295360.107421875, 6685048.522949219], [295362.548828125, 6685048.522949219], [295362.548828125, 6685048.828125], [295365.29541015625, 6685048.828125], [295365.29541015625, 6685049.133300781], [295368.0419921875, 6685049.133300781], [295368.0419921875, 6685049.4384765625], [295370.78857421875, 6685049.4384765625], [295370.78857421875, 6685049.743652344], [295373.84033203125, 6685049.743652344], [295373.84033203125, 6685050.048828125], [295376.5869140625, 6685050.048828125], [295376.5869140625, 6685050.354003906], [295379.638671875, 6685050.354003906], [295379.638671875, 6685050.6591796875], [295382.38525390625, 6685050.6591796875], [295382.38525390625, 6685050.964355469], [295385.1318359375, 6685050.964355469], [295385.1318359375, 6685051.26953125], [295388.18359375, 6685051.26953125], [295388.18359375, 6685051.574707031], [295390.93017578125, 6685051.574707031], [295390.93017578125, 6685051.8798828125], [295393.6767578125, 6685051.8798828125], [295393.6767578125, 6685052.185058594], [295396.728515625, 6685052.185058594], [295396.728515625, 6685052.490234375], [295399.47509765625, 6685052.490234375], [295399.47509765625, 6685052.795410156], [295402.2216796875, 6685052.795410156], [295402.2216796875, 6685053.1005859375], [295404.96826171875, 6685053.1005859375], [295404.96826171875, 6685053.405761719], [295407.71484375, 6685053.405761719], [295407.71484375, 6685053.7109375], [295410.7666015625, 6685053.7109375], [295410.7666015625, 6685054.016113281], [295413.51318359375, 6685054.016113281], [295413.51318359375, 6685054.3212890625], [295416.259765625, 6685054.3212890625], [295416.259765625, 6685054.626464844], [295419.00634765625, 6685054.626464844], [295419.00634765625, 6685054.931640625], [295422.05810546875, 6685054.931640625], [295422.05810546875, 6685055.236816406], [295425.72021484375, 6685055.236816406], [295425.72021484375, 6685055.5419921875], [295429.6875, 6685055.5419921875], [295429.6875, 6685055.847167969], [295433.349609375, 6685055.847167969], [295433.349609375, 6685056.15234375], [295437.01171875, 6685056.15234375], [295437.01171875, 6685056.457519531], [295440.97900390625, 6685056.457519531], [295440.97900390625, 6685056.7626953125], [295444.9462890625, 6685056.7626953125], [295444.9462890625, 6685057.067871094], [295467.22412109375, 6685057.067871094], [295467.22412109375, 6685056.7626953125], [295507.50732421875, 6685056.7626953125], [295507.50732421875, 6685057.067871094], [295511.77978515625, 6685057.067871094], [295511.77978515625, 6685057.373046875], [295515.13671875, 6685057.373046875], [295515.13671875, 6685057.678222656], [295518.49365234375, 6685057.678222656], [295518.49365234375, 6685057.9833984375], [295522.15576171875, 6685057.9833984375], [295522.15576171875, 6685058.288574219], [295525.5126953125, 6685058.288574219], [295525.5126953125, 6685058.59375], [295528.86962890625, 6685058.59375], [295528.86962890625, 6685058.898925781], [295532.2265625, 6685058.898925781], [295532.2265625, 6685059.2041015625], [295534.97314453125, 6685059.2041015625], [295534.97314453125, 6685059.509277344], [295536.80419921875, 6685059.509277344], [295536.80419921875, 6685059.814453125], [295538.63525390625, 6685059.814453125], [295538.63525390625, 6685060.119628906], [295540.1611328125, 6685060.119628906], [295540.1611328125, 6685060.4248046875], [295541.68701171875, 6685060.4248046875], [295541.68701171875, 6685060.729980469], [295543.212890625, 6685060.729980469], [295543.212890625, 6685061.03515625], [295544.73876953125, 6685061.03515625], [295544.73876953125, 6685061.340332031], [295546.2646484375, 6685061.340332031], [295546.2646484375, 6685061.6455078125], [295547.79052734375, 6685061.6455078125], [295547.79052734375, 6685061.950683594], [295549.01123046875, 6685061.950683594], [295549.01123046875, 6685062.255859375], [295550.537109375, 6685062.255859375], [295550.537109375, 6685062.561035156], [295552.06298828125, 6685062.561035156], [295552.06298828125, 6685062.8662109375], [295553.5888671875, 6685062.8662109375], [295553.5888671875, 6685063.171386719], [295554.8095703125, 6685063.171386719], [295554.8095703125, 6685063.4765625], [295556.33544921875, 6685063.4765625], [295556.33544921875, 6685063.781738281], [295557.861328125, 6685063.781738281], [295557.861328125, 6685064.0869140625], [295559.08203125, 6685064.0869140625], [295559.08203125, 6685064.392089844], [295560.60791015625, 6685064.392089844], [295560.60791015625, 6685064.697265625], [295562.1337890625, 6685064.697265625], [295562.1337890625, 6685065.002441406], [295563.3544921875, 6685065.002441406], [295563.3544921875, 6685065.3076171875], [295564.5751953125, 6685065.3076171875], [295564.5751953125, 6685065.612792969], [295565.7958984375, 6685065.612792969], [295565.7958984375, 6685065.91796875], [295567.0166015625, 6685065.91796875], [295567.0166015625, 6685066.223144531], [295568.2373046875, 6685066.223144531], [295568.2373046875, 6685066.5283203125], [295569.15283203125, 6685066.5283203125], [295569.15283203125, 6685066.833496094], [295570.37353515625, 6685066.833496094], [295570.37353515625, 6685067.138671875], [295571.59423828125, 6685067.138671875], [295571.59423828125, 6685067.443847656], [295572.509765625, 6685067.443847656], [295572.509765625, 6685067.7490234375], [295573.73046875, 6685067.7490234375], [295573.73046875, 6685068.054199219], [295574.64599609375, 6685068.054199219], [295574.64599609375, 6685068.359375], [295575.86669921875, 6685068.359375], [295575.86669921875, 6685068.664550781], [295577.08740234375, 6685068.664550781], [295577.08740234375, 6685068.9697265625], [295578.0029296875, 6685068.9697265625], [295578.0029296875, 6685069.274902344], [295579.2236328125, 6685069.274902344], [295579.2236328125, 6685069.580078125], [295580.13916015625, 6685069.580078125], [295580.13916015625, 6685069.885253906], [295581.35986328125, 6685069.885253906], [295581.35986328125, 6685070.1904296875], [295582.275390625, 6685070.1904296875], [295582.275390625, 6685070.495605469], [295583.49609375, 6685070.495605469], [295583.49609375, 6685070.80078125], [295584.41162109375, 6685070.80078125], [295584.41162109375, 6685071.105957031], [295585.63232421875, 6685071.105957031], [295585.63232421875, 6685071.4111328125], [295586.5478515625, 6685071.4111328125], [295586.5478515625, 6685071.716308594], [295587.7685546875, 6685071.716308594], [295587.7685546875, 6685072.021484375], [295588.9892578125, 6685072.021484375], [295588.9892578125, 6685072.326660156], [295589.90478515625, 6685072.326660156], [295589.90478515625, 6685072.6318359375], [295591.12548828125, 6685072.6318359375], [295591.12548828125, 6685072.937011719], [295592.041015625, 6685072.937011719], [295592.041015625, 6685073.2421875], [295593.26171875, 6685073.2421875], [295593.26171875, 6685073.547363281], [295594.17724609375, 6685073.547363281], [295594.17724609375, 6685073.8525390625], [295595.0927734375, 6685073.8525390625], [295595.0927734375, 6685074.157714844], [295596.00830078125, 6685074.157714844], [295596.00830078125, 6685074.462890625], [295597.22900390625, 6685074.462890625], [295597.22900390625, 6685074.768066406], [295598.14453125, 6685074.768066406], [295598.14453125, 6685075.0732421875], [295599.06005859375, 6685075.0732421875], [295599.06005859375, 6685075.378417969], [295599.9755859375, 6685075.378417969], [295599.9755859375, 6685075.68359375], [295600.89111328125, 6685075.68359375], [295600.89111328125, 6685075.988769531], [295602.11181640625, 6685075.988769531], [295602.11181640625, 6685076.2939453125], [295603.02734375, 6685076.2939453125], [295603.02734375, 6685076.599121094], [295603.94287109375, 6685076.599121094], [295603.94287109375, 6685076.904296875], [295604.8583984375, 6685076.904296875], [295604.8583984375, 6685077.209472656], [295605.77392578125, 6685077.209472656], [295605.77392578125, 6685077.5146484375], [295606.99462890625, 6685077.5146484375], [295606.99462890625, 6685077.819824219], [295607.91015625, 6685077.819824219], [295607.91015625, 6685078.125], [295608.82568359375, 6685078.125], [295608.82568359375, 6685078.430175781], [295609.7412109375, 6685078.430175781], [295609.7412109375, 6685078.7353515625], [295610.65673828125, 6685078.7353515625], [295610.65673828125, 6685079.040527344], [295611.572265625, 6685079.040527344], [295611.572265625, 6685079.345703125], [295612.79296875, 6685079.345703125], [295612.79296875, 6685079.650878906], [295613.70849609375, 6685079.650878906], [295613.70849609375, 6685079.9560546875], [295614.6240234375, 6685079.9560546875], [295614.6240234375, 6685080.261230469], [295615.53955078125, 6685080.261230469], [295615.53955078125, 6685080.56640625], [295616.455078125, 6685080.56640625], [295616.455078125, 6685080.871582031], [295617.37060546875, 6685080.871582031], [295617.37060546875, 6685081.1767578125], [295618.59130859375, 6685081.1767578125], [295618.59130859375, 6685081.481933594], [295619.5068359375, 6685081.481933594], [295619.5068359375, 6685081.787109375], [295620.42236328125, 6685081.787109375], [295620.42236328125, 6685082.092285156], [295621.337890625, 6685082.092285156], [295621.337890625, 6685082.3974609375], [295622.55859375, 6685082.3974609375], [295622.55859375, 6685082.702636719], [295623.47412109375, 6685082.702636719], [295623.47412109375, 6685083.0078125], [295624.69482421875, 6685083.0078125], [295624.69482421875, 6685083.312988281], [295625.91552734375, 6685083.312988281], [295625.91552734375, 6685083.6181640625], [295626.8310546875, 6685083.6181640625], [295626.8310546875, 6685083.923339844], [295628.0517578125, 6685083.923339844], [295628.0517578125, 6685084.228515625], [295629.2724609375, 6685084.228515625], [295629.2724609375, 6685084.533691406], [295630.18798828125, 6685084.533691406], [295630.18798828125, 6685084.8388671875], [295631.40869140625, 6685084.8388671875], [295631.40869140625, 6685085.144042969], [295632.62939453125, 6685085.144042969], [295632.62939453125, 6685085.44921875], [295633.544921875, 6685085.44921875], [295633.544921875, 6685085.754394531], [295634.765625, 6685085.754394531], [295634.765625, 6685086.0595703125], [295635.68115234375, 6685086.0595703125], [295635.68115234375, 6685086.364746094], [295636.90185546875, 6685086.364746094], [295636.90185546875, 6685086.669921875], [295638.12255859375, 6685086.669921875], [295638.12255859375, 6685086.975097656], [295639.0380859375, 6685086.975097656], [295639.0380859375, 6685087.2802734375], [295640.2587890625, 6685087.2802734375], [295640.2587890625, 6685087.585449219], [295641.17431640625, 6685087.585449219], [295641.17431640625, 6685087.890625], [295642.39501953125, 6685087.890625], [295642.39501953125, 6685088.195800781], [295643.310546875, 6685088.195800781], [295643.310546875, 6685088.5009765625], [295644.53125, 6685088.5009765625], [295644.53125, 6685088.806152344], [295645.44677734375, 6685088.806152344], [295645.44677734375, 6685089.111328125], [295646.66748046875, 6685089.111328125], [295646.66748046875, 6685089.416503906], [295647.5830078125, 6685089.416503906], [295647.5830078125, 6685089.7216796875], [295648.8037109375, 6685089.7216796875], [295648.8037109375, 6685090.026855469], [295649.71923828125, 6685090.026855469], [295649.71923828125, 6685090.33203125], [295650.93994140625, 6685090.33203125], [295650.93994140625, 6685090.637207031], [295651.85546875, 6685090.637207031], [295651.85546875, 6685090.9423828125], [295652.77099609375, 6685090.9423828125], [295652.77099609375, 6685091.247558594], [295653.6865234375, 6685091.247558594], [295653.6865234375, 6685091.552734375], [295654.296875, 6685091.552734375], [295654.296875, 6685091.857910156], [295655.21240234375, 6685091.857910156], [295655.21240234375, 6685092.1630859375], [295656.1279296875, 6685092.1630859375], [295656.1279296875, 6685092.468261719], [295657.04345703125, 6685092.468261719], [295657.04345703125, 6685092.7734375], [295657.958984375, 6685092.7734375], [295657.958984375, 6685093.078613281], [295658.87451171875, 6685093.078613281], [295658.87451171875, 6685093.3837890625], [295659.48486328125, 6685093.3837890625], [295659.48486328125, 6685093.688964844], [295660.400390625, 6685093.688964844], [295660.400390625, 6685093.994140625], [295661.31591796875, 6685093.994140625], [295661.31591796875, 6685094.299316406], [295662.2314453125, 6685094.299316406], [295662.2314453125, 6685094.6044921875], [295663.14697265625, 6685094.6044921875], [295663.14697265625, 6685094.909667969], [295663.75732421875, 6685094.909667969], [295663.75732421875, 6685095.21484375], [295664.6728515625, 6685095.21484375], [295664.6728515625, 6685095.520019531], [295665.58837890625, 6685095.520019531], [295665.58837890625, 6685095.8251953125], [295666.50390625, 6685095.8251953125], [295666.50390625, 6685096.130371094], [295667.1142578125, 6685096.130371094], [295667.1142578125, 6685096.435546875], [295668.02978515625, 6685096.435546875], [295668.02978515625, 6685096.740722656], [295668.9453125, 6685096.740722656], [295668.9453125, 6685097.0458984375], [295669.86083984375, 6685097.0458984375], [295669.86083984375, 6685097.351074219], [295670.47119140625, 6685097.351074219], [295670.47119140625, 6685097.65625], [295671.38671875, 6685097.65625], [295671.38671875, 6685097.961425781], [295672.30224609375, 6685097.961425781], [295672.30224609375, 6685098.2666015625], [295673.2177734375, 6685098.2666015625], [295673.2177734375, 6685098.571777344], [295673.828125, 6685098.571777344], [295673.828125, 6685098.876953125], [295674.74365234375, 6685098.876953125], [295674.74365234375, 6685099.182128906], [295675.6591796875, 6685099.182128906], [295675.6591796875, 6685099.4873046875], [295676.57470703125, 6685099.4873046875], [295676.57470703125, 6685099.792480469], [295677.18505859375, 6685099.792480469], [295677.18505859375, 6685100.09765625], [295678.1005859375, 6685100.09765625], [295678.1005859375, 6685100.402832031], [295679.01611328125, 6685100.402832031], [295679.01611328125, 6685100.7080078125], [295679.931640625, 6685100.7080078125], [295679.931640625, 6685101.013183594], [295680.5419921875, 6685101.013183594], [295680.5419921875, 6685101.318359375], [295681.45751953125, 6685101.318359375], [295681.45751953125, 6685101.623535156], [295682.373046875, 6685101.623535156], [295682.373046875, 6685101.9287109375], [295683.28857421875, 6685101.9287109375], [295683.28857421875, 6685102.233886719], [295684.50927734375, 6685102.233886719], [295684.50927734375, 6685102.5390625], [295685.4248046875, 6685102.5390625], [295685.4248046875, 6685102.844238281], [295686.34033203125, 6685102.844238281], [295686.34033203125, 6685103.1494140625], [295687.255859375, 6685103.1494140625], [295687.255859375, 6685103.454589844], [295688.17138671875, 6685103.454589844], [295688.17138671875, 6685103.759765625], [295689.0869140625, 6685103.759765625], [295689.0869140625, 6685104.064941406], [295690.3076171875, 6685104.064941406], [295690.3076171875, 6685104.3701171875], [295691.22314453125, 6685104.3701171875], [295691.22314453125, 6685104.675292969], [295692.138671875, 6685104.675292969], [295692.138671875, 6685104.98046875], [295693.05419921875, 6685104.98046875], [295693.05419921875, 6685105.285644531], [295693.9697265625, 6685105.285644531], [295693.9697265625, 6685105.5908203125], [295695.1904296875, 6685105.5908203125], [295695.1904296875, 6685105.895996094], [295696.10595703125, 6685105.895996094], [295696.10595703125, 6685106.201171875], [295697.021484375, 6685106.201171875], [295697.021484375, 6685106.506347656], [295698.2421875, 6685106.506347656], [295698.2421875, 6685106.8115234375], [295699.15771484375, 6685106.8115234375], [295699.15771484375, 6685107.116699219], [295700.0732421875, 6685107.116699219], [295700.0732421875, 6685107.421875], [295701.2939453125, 6685107.421875], [295701.2939453125, 6685107.727050781], [295702.20947265625, 6685107.727050781], [295702.20947265625, 6685108.0322265625], [295703.125, 6685108.0322265625], [295703.125, 6685108.337402344], [295704.345703125, 6685108.337402344], [295704.345703125, 6685108.642578125], [295705.26123046875, 6685108.642578125], [295705.26123046875, 6685108.947753906], [295706.48193359375, 6685108.947753906], [295706.48193359375, 6685109.2529296875], [295707.70263671875, 6685109.2529296875], [295707.70263671875, 6685109.558105469], [295708.92333984375, 6685109.558105469], [295708.92333984375, 6685109.86328125], [295710.44921875, 6685109.86328125], [295710.44921875, 6685110.168457031], [295716.85791015625, 6685110.168457031], [295716.85791015625, 6685110.4736328125], [295723.876953125, 6685110.4736328125], [295723.876953125, 6685110.778808594], [295730.89599609375, 6685110.778808594], [295730.89599609375, 6685111.083984375], [295742.49267578125, 6685111.083984375], [295742.49267578125, 6685110.778808594], [295746.4599609375, 6685110.778808594], [295746.4599609375, 6685110.4736328125], [295750.1220703125, 6685110.4736328125], [295750.1220703125, 6685110.168457031], [295754.08935546875, 6685110.168457031], [295754.08935546875, 6685109.86328125], [295758.056640625, 6685109.86328125], [295758.056640625, 6685109.558105469], [295762.02392578125, 6685109.558105469], [295762.02392578125, 6685109.2529296875], [295766.29638671875, 6685109.2529296875], [295766.29638671875, 6685108.947753906], [295771.17919921875, 6685108.947753906], [295771.17919921875, 6685108.642578125], [295776.3671875, 6685108.642578125], [295776.3671875, 6685108.337402344], [295781.55517578125, 6685108.337402344], [295781.55517578125, 6685108.0322265625], [295786.7431640625, 6685108.0322265625], [295786.7431640625, 6685107.727050781], [295791.93115234375, 6685107.727050781], [295791.93115234375, 6685107.421875], [295800.47607421875, 6685107.421875], [295800.47607421875, 6685107.727050781], [295805.6640625, 6685107.727050781], [295805.6640625, 6685108.0322265625], [295810.546875, 6685108.0322265625], [295810.546875, 6685108.337402344], [295815.73486328125, 6685108.337402344], [295815.73486328125, 6685108.642578125], [295820.61767578125, 6685108.642578125], [295820.61767578125, 6685108.947753906], [295824.5849609375, 6685108.947753906], [295824.5849609375, 6685109.2529296875], [295827.63671875, 6685109.2529296875], [295827.63671875, 6685109.558105469], [295830.078125, 6685109.558105469], [295830.078125, 6685109.86328125], [295832.51953125, 6685109.86328125], [295832.51953125, 6685110.168457031], [295834.65576171875, 6685110.168457031], [295834.65576171875, 6685110.4736328125], [295837.09716796875, 6685110.4736328125], [295837.09716796875, 6685110.778808594], [295839.53857421875, 6685110.778808594], [295839.53857421875, 6685111.083984375], [295841.97998046875, 6685111.083984375], [295841.97998046875, 6685111.389160156], [295844.1162109375, 6685111.389160156], [295844.1162109375, 6685111.6943359375], [295846.5576171875, 6685111.6943359375], [295846.5576171875, 6685111.999511719], [295848.69384765625, 6685111.999511719], [295848.69384765625, 6685112.3046875], [295851.13525390625, 6685112.3046875], [295851.13525390625, 6685112.609863281], [295853.271484375, 6685112.609863281], [295853.271484375, 6685112.9150390625], [295855.40771484375, 6685112.9150390625], [295855.40771484375, 6685113.220214844], [295857.5439453125, 6685113.220214844], [295857.5439453125, 6685113.525390625], [295859.375, 6685113.525390625], [295859.375, 6685113.830566406], [295861.51123046875, 6685113.830566406], [295861.51123046875, 6685114.1357421875], [295863.34228515625, 6685114.1357421875], [295863.34228515625, 6685114.440917969], [295865.478515625, 6685114.440917969], [295865.478515625, 6685114.74609375], [295867.3095703125, 6685114.74609375], [295867.3095703125, 6685115.051269531], [295869.140625, 6685115.051269531], [295869.140625, 6685115.3564453125], [295871.27685546875, 6685115.3564453125], [295871.27685546875, 6685115.661621094], [295873.10791015625, 6685115.661621094], [295873.10791015625, 6685115.966796875], [295874.93896484375, 6685115.966796875], [295874.93896484375, 6685116.271972656], [295876.77001953125, 6685116.271972656], [295876.77001953125, 6685116.5771484375], [295878.90625, 6685116.5771484375], [295878.90625, 6685116.882324219], [295880.7373046875, 6685116.882324219], [295880.7373046875, 6685117.1875], [295882.568359375, 6685117.1875], [295882.568359375, 6685117.492675781], [295884.70458984375, 6685117.492675781], [295884.70458984375, 6685117.7978515625], [295886.53564453125, 6685117.7978515625], [295886.53564453125, 6685118.103027344], [295888.36669921875, 6685118.103027344], [295888.36669921875, 6685118.408203125], [295890.5029296875, 6685118.408203125], [295890.5029296875, 6685118.713378906], [295892.333984375, 6685118.713378906], [295892.333984375, 6685119.0185546875], [295894.47021484375, 6685119.0185546875], [295894.47021484375, 6685119.323730469], [295896.30126953125, 6685119.323730469], [295896.30126953125, 6685119.62890625], [295898.4375, 6685119.62890625], [295898.4375, 6685119.934082031], [295900.2685546875, 6685119.934082031], [295900.2685546875, 6685120.2392578125], [295902.40478515625, 6685120.2392578125], [295902.40478515625, 6685120.544433594], [295904.23583984375, 6685120.544433594], [295904.23583984375, 6685120.849609375], [295906.06689453125, 6685120.849609375], [295906.06689453125, 6685121.154785156], [295908.203125, 6685121.154785156], [295908.203125, 6685121.4599609375], [295910.0341796875, 6685121.4599609375], [295910.0341796875, 6685121.765136719], [295912.17041015625, 6685121.765136719], [295912.17041015625, 6685122.0703125], [295914.00146484375, 6685122.0703125], [295914.00146484375, 6685122.375488281], [295916.1376953125, 6685122.375488281], [295916.1376953125, 6685122.6806640625], [295917.96875, 6685122.6806640625], [295917.96875, 6685122.985839844], [295920.10498046875, 6685122.985839844], [295920.10498046875, 6685123.291015625], [295921.93603515625, 6685123.291015625], [295921.93603515625, 6685123.596191406], [295923.76708984375, 6685123.596191406], [295923.76708984375, 6685123.9013671875], [295925.9033203125, 6685123.9013671875], [295925.9033203125, 6685124.206542969], [295927.734375, 6685124.206542969], [295927.734375, 6685124.51171875], [295929.87060546875, 6685124.51171875], [295929.87060546875, 6685124.816894531], [295931.70166015625, 6685124.816894531], [295931.70166015625, 6685125.1220703125], [295933.837890625, 6685125.1220703125], [295933.837890625, 6685125.427246094], [295935.6689453125, 6685125.427246094], [295935.6689453125, 6685125.732421875], [295937.5, 6685125.732421875], [295937.5, 6685126.037597656], [295939.63623046875, 6685126.037597656], [295939.63623046875, 6685126.3427734375], [295941.7724609375, 6685126.3427734375], [295941.7724609375, 6685126.647949219], [295944.2138671875, 6685126.647949219], [295944.2138671875, 6685126.953125], [295946.6552734375, 6685126.953125], [295946.6552734375, 6685127.258300781], [295949.40185546875, 6685127.258300781], [295949.40185546875, 6685127.5634765625], [295951.84326171875, 6685127.5634765625], [295951.84326171875, 6685127.868652344], [295954.58984375, 6685127.868652344], [295954.58984375, 6685128.173828125], [295957.03125, 6685128.173828125], [295957.03125, 6685128.479003906], [295959.47265625, 6685128.479003906], [295959.47265625, 6685128.7841796875], [295962.21923828125, 6685128.7841796875], [295962.21923828125, 6685129.089355469], [295964.9658203125, 6685129.089355469], [295964.9658203125, 6685129.39453125], [295967.4072265625, 6685129.39453125], [295967.4072265625, 6685129.699707031], [295969.8486328125, 6685129.699707031], [295969.8486328125, 6685130.0048828125], [295972.2900390625, 6685130.0048828125], [295972.2900390625, 6685130.310058594], [295974.7314453125, 6685130.310058594], [295974.7314453125, 6685130.615234375], [295977.1728515625, 6685130.615234375], [295977.1728515625, 6685130.920410156], [295979.30908203125, 6685130.920410156], [295979.30908203125, 6685131.2255859375], [295981.75048828125, 6685131.2255859375], [295981.75048828125, 6685131.530761719], [295984.19189453125, 6685131.530761719], [295984.19189453125, 6685131.8359375], [295986.328125, 6685131.8359375], [295986.328125, 6685132.141113281], [295988.76953125, 6685132.141113281], [295988.76953125, 6685132.4462890625], [295990.90576171875, 6685132.4462890625], [295990.90576171875, 6685132.751464844], [295993.34716796875, 6685132.751464844], [295993.34716796875, 6685133.056640625], [295995.78857421875, 6685133.056640625], [295995.78857421875, 6685133.361816406], [295997.9248046875, 6685133.361816406], [295997.9248046875, 6685133.6669921875], [296000.3662109375, 6685133.6669921875], [296000.3662109375, 6685133.972167969], [296002.50244140625, 6685133.972167969], [296002.50244140625, 6685134.27734375], [296004.94384765625, 6685134.27734375], [296004.94384765625, 6685134.582519531], [296007.080078125, 6685134.582519531], [296007.080078125, 6685134.8876953125], [296009.521484375, 6685134.8876953125], [296009.521484375, 6685135.192871094], [296011.65771484375, 6685135.192871094], [296011.65771484375, 6685135.498046875], [296014.09912109375, 6685135.498046875], [296014.09912109375, 6685135.803222656], [296016.54052734375, 6685135.803222656], [296016.54052734375, 6685136.1083984375], [296018.6767578125, 6685136.1083984375], [296018.6767578125, 6685136.413574219], [296021.1181640625, 6685136.413574219], [296021.1181640625, 6685136.71875], [296023.5595703125, 6685136.71875], [296023.5595703125, 6685137.023925781], [296025.69580078125, 6685137.023925781], [296025.69580078125, 6685137.3291015625], [296028.13720703125, 6685137.3291015625], [296028.13720703125, 6685137.634277344], [296029.96826171875, 6685137.634277344], [296029.96826171875, 6685137.939453125], [296031.79931640625, 6685137.939453125], [296031.79931640625, 6685138.244628906], [296033.3251953125, 6685138.244628906], [296033.3251953125, 6685138.5498046875], [296035.15625, 6685138.5498046875], [296035.15625, 6685138.854980469], [296036.9873046875, 6685138.854980469], [296036.9873046875, 6685139.16015625], [296038.818359375, 6685139.16015625], [296038.818359375, 6685139.465332031], [296040.6494140625, 6685139.465332031], [296040.6494140625, 6685139.7705078125], [296042.17529296875, 6685139.7705078125], [296042.17529296875, 6685140.075683594], [296044.00634765625, 6685140.075683594], [296044.00634765625, 6685140.380859375], [296045.83740234375, 6685140.380859375], [296045.83740234375, 6685140.686035156], [296047.66845703125, 6685140.686035156], [296047.66845703125, 6685140.9912109375], [296049.1943359375, 6685140.9912109375], [296049.1943359375, 6685141.296386719], [296051.025390625, 6685141.296386719], [296051.025390625, 6685141.6015625], [296052.8564453125, 6685141.6015625], [296052.8564453125, 6685141.906738281], [296054.6875, 6685141.906738281], [296054.6875, 6685142.2119140625], [296056.5185546875, 6685142.2119140625], [296056.5185546875, 6685142.517089844], [296058.349609375, 6685142.517089844], [296058.349609375, 6685142.822265625], [296059.87548828125, 6685142.822265625], [296059.87548828125, 6685143.127441406], [296061.70654296875, 6685143.127441406], [296061.70654296875, 6685143.4326171875], [296063.53759765625, 6685143.4326171875], [296063.53759765625, 6685143.737792969], [296065.36865234375, 6685143.737792969], [296065.36865234375, 6685144.04296875], [296067.19970703125, 6685144.04296875], [296067.19970703125, 6685144.348144531], [296069.03076171875, 6685144.348144531], [296069.03076171875, 6685144.6533203125], [296070.86181640625, 6685144.6533203125], [296070.86181640625, 6685144.958496094], [296072.69287109375, 6685144.958496094], [296072.69287109375, 6685145.263671875], [296074.52392578125, 6685145.263671875], [296074.52392578125, 6685145.568847656], [296076.35498046875, 6685145.568847656], [296076.35498046875, 6685145.8740234375], [296078.18603515625, 6685145.8740234375], [296078.18603515625, 6685146.179199219], [296080.01708984375, 6685146.179199219], [296080.01708984375, 6685146.484375], [296081.84814453125, 6685146.484375], [296081.84814453125, 6685146.789550781], [296083.67919921875, 6685146.789550781], [296083.67919921875, 6685147.0947265625], [296085.51025390625, 6685147.0947265625], [296085.51025390625, 6685147.399902344], [296087.34130859375, 6685147.399902344], [296087.34130859375, 6685147.705078125], [296089.17236328125, 6685147.705078125], [296089.17236328125, 6685148.010253906], [296091.00341796875, 6685148.010253906], [296091.00341796875, 6685148.3154296875], [296092.83447265625, 6685148.3154296875], [296092.83447265625, 6685148.620605469], [296094.66552734375, 6685148.620605469], [296094.66552734375, 6685148.92578125], [296096.49658203125, 6685148.92578125], [296096.49658203125, 6685149.230957031], [296098.32763671875, 6685149.230957031], [296098.32763671875, 6685149.5361328125], [296099.853515625, 6685149.5361328125], [296099.853515625, 6685149.841308594], [296101.6845703125, 6685149.841308594], [296101.6845703125, 6685150.146484375], [296103.515625, 6685150.146484375], [296103.515625, 6685150.451660156], [296105.3466796875, 6685150.451660156], [296105.3466796875, 6685150.7568359375], [296107.177734375, 6685150.7568359375], [296107.177734375, 6685151.062011719], [296109.0087890625, 6685151.062011719], [296109.0087890625, 6685151.3671875], [296110.83984375, 6685151.3671875], [296110.83984375, 6685151.672363281], [296112.6708984375, 6685151.672363281], [296112.6708984375, 6685151.9775390625], [296114.501953125, 6685151.9775390625], [296114.501953125, 6685152.282714844], [296116.63818359375, 6685152.282714844], [296116.63818359375, 6685152.587890625], [296118.7744140625, 6685152.587890625], [296118.7744140625, 6685152.893066406], [296120.91064453125, 6685152.893066406], [296120.91064453125, 6685153.1982421875], [296123.046875, 6685153.1982421875], [296123.046875, 6685153.503417969], [296125.48828125, 6685153.503417969], [296125.48828125, 6685153.80859375], [296127.62451171875, 6685153.80859375], [296127.62451171875, 6685154.113769531], [296129.7607421875, 6685154.113769531], [296129.7607421875, 6685154.4189453125], [296132.2021484375, 6685154.4189453125], [296132.2021484375, 6685154.724121094], [296134.33837890625, 6685154.724121094], [296134.33837890625, 6685155.029296875], [296136.474609375, 6685155.029296875], [296136.474609375, 6685155.334472656], [296138.916015625, 6685155.334472656], [296138.916015625, 6685155.6396484375], [296141.05224609375, 6685155.6396484375], [296141.05224609375, 6685155.944824219], [296143.49365234375, 6685155.944824219], [296143.49365234375, 6685156.25], [294843.75, 6685156.25]]]}	294843.75,6684938.659667969,296143.49365234375,6685156.25	0.1	0.0	0	https://maxar-opendata.s3.amazonaws.com/events/southafrica-flooding22/ard/36/213131030333/2022-04-20/10300100D17EB700-visual.tif
2022-04-20 08:12:23+00:00	WV02	0.6	0.0.1	10300100D17EB700	36	213131031202	29.4	203.0	56.5	34.9	41.8	32736	{'type': 'Polygon', 'coordinates': [[[299843.75, 6695156.25], [299843.75, 6689843.75], [302896.42333984375, 6689843.75], [302800.29296875, 6695156.25], [299843.75, 6695156.25]]]}	299843.75,6689843.75,302896.42333984375,6695156.25	15.9	0.0	0	https://maxar-opendata.s3.amazonaws.com/events/southafrica-flooding22/ard/36/213131031202/2022-04-20/10300100D17EB700-visual.tif
2022-04-20 08:12:23+00:00	WV02	0.6	0.0.1	10300100D17EB700	36	213131031220	29.3	203.1	56.6	34.9	41.8	32736	{'type': 'Polygon', 'coordinates': [[[299843.75, 6690156.25], [299843.75, 6685822.1435546875], [299933.77685546875, 6685838.928222656], [300250.54931640625, 6685852.05078125], [300541.9921875, 6685895.3857421875], [300831.298828125, 6685967.4072265625], [301120.60546875, 6685994.873046875], [302955.322265625, 6686314.392089844], [302898.25439453125, 6688234.86328125], [302890.93017578125, 6690156.25], [299843.75, 6690156.25]]]}	299843.75,6685822.1435546875,302955.322265625,6690156.25	12.6	0.0	0	https://maxar-opendata.s3.amazonaws.com/events/southafrica-flooding22/ard/36/213131031220/2022-04-20/10300100D17EB700-visual.tif
