datetime	platform	gsd	ard_metadata_version	catalog_id	utm_zone	quadkey	view:off_nadir	view:azimuth	view:incidence_angle	view:sun_azimuth	view:sun_elevation	proj:epsg	grid:code	proj:bbox	tile:data_area	tile:clouds_area	tile:clouds_percent	visual
2022-02-07 15:18:25+00:00	WV03	0.39	0.0.1	1040010073586A00	19	122002303131	28.6	313.6	58.4	147.3	51.0	32619	MXRA-Z19-122002303131	738111.6629656524,2024843.75,740156.25,2025412.2908347656	1.1	0.8	78	https://maxar-opendata.s3.amazonaws.com/events/Hurricane-Fiona-9-19-2022/ard/19/122002303131/2022-02-07/1040010073586A00-visual.tif
2022-02-07 15:18:25+00:00	WV03	0.39	0.0.1	1040010073586A00	19	122002303133	28.6	313.6	58.3	147.3	51.0	32619	MXRA-Z19-122002303133	738114.5009160371,2019843.75,740156.25,2025156.25	10.6	8.0	75	https://maxar-opendata.s3.amazonaws.com/events/Hurricane-Fiona-9-19-2022/ard/19/122002303133/2022-02-07/1040010073586A00-visual.tif
2022-02-07 15:18:25+00:00	WV03	0.39	0.0.1	1040010073586A00	19	122002312020	28.8	313.2	58.1	147.3	51.0	32619	MXRA-Z19-122002312020	739843.75,2024843.75,745156.25,2025475.3634987748	3.1	1.4	46	https://maxar-opendata.s3.amazonaws.com/events/Hurricane-Fiona-9-19-2022/ard/19/122002312020/2022-02-07/1040010073586A00-visual.tif
2022-02-07 15:18:25+00:00	WV03	0.39	0.0.1	1040010073586A00	19	122002312021	29.0	312.8	57.8	147.3	51.0	32619	MXRA-Z19-122002312021	744843.75,2024843.75,748124.4447287939,2025512.6975070192	2.1	1.0	47	https://maxar-opendata.s3.amazonaws.com/events/Hurricane-Fiona-9-19-2022/ard/19/122002312021/2022-02-07/1040010073586A00-visual.tif
2022-02-07 15:18:25+00:00	WV03	0.39	0.0.1	1040010073586A00	19	122002312022	28.9	313.1	58.0	147.3	51.0	32619	MXRA-Z19-122002312022	739843.75,2019843.75,745156.25,2025156.25	28.2	15.0	53	https://maxar-opendata.s3.amazonaws.com/events/Hurricane-Fiona-9-19-2022/ard/19/122002312022/2022-02-07/1040010073586A00-visual.tif
2022-02-07 15:18:25+00:00	WV03	0.39	0.0.1	1040010073586A00	19	122002312023	29.1	312.8	57.8	147.3	51.0	32619	MXRA-Z19-122002312023	744843.75,2019843.75,748188.663508496,2025156.25	17.5	9.4	53	https://maxar-opendata.s3.amazonaws.com/events/Hurricane-Fiona-9-19-2022/ard/19/122002312023/2022-02-07/1040010073586A00-visual.tif
2022-02-07 15:18:26+00:00	WV03	0.39	0.0.1	1040010073586A00	19	122002303311	28.7	313.5	58.2	147.3	51.0	32619	MXRA-Z19-122002303311	738176.1286838966,2015446.7742832217,740156.25,2020156.25	9.1	9.1	100	https://maxar-opendata.s3.amazonaws.com/events/Hurricane-Fiona-9-19-2022/ard/19/122002303311/2022-02-07/1040010073586A00-visual.tif
2022-02-07 15:18:26+00:00	WV03	0.39	0.0.1	1040010073586A00	19	122002312200	29.0	313.1	57.9	147.3	51.0	32619	MXRA-Z19-122002312200	739843.75,2015466.982110972,745156.25,2020156.25	24.7	22.1	89	https://maxar-opendata.s3.amazonaws.com/events/Hurricane-Fiona-9-19-2022/ard/19/122002312200/2022-02-07/1040010073586A00-visual.tif
2022-02-07 15:18:26+00:00	WV03	0.39	0.0.1	1040010073586A00	19	122002312201	29.2	312.7	57.7	147.3	51.0	32619	MXRA-Z19-122002312201	744843.75,2015529.7559333204,748243.523180867,2020156.25	15.5	13.8	89	https://maxar-opendata.s3.amazonaws.com/events/Hurricane-Fiona-9-19-2022/ard/19/122002312201/2022-02-07/1040010073586A00-visual.tif
2022-02-07 15:18:28+00:00	WV03	0.39	0.0.1	1040010073586A00	19	122002303332	28.7	313.7	58.2	147.2	51.2	32619	MXRA-Z19-122002303332	732405.570420715,1999843.75,735156.25,2000284.47907336	1.0	0.2	22	https://maxar-opendata.s3.amazonaws.com/events/Hurricane-Fiona-9-19-2022/ard/19/122002303332/2022-02-07/1040010073586A00-visual.tif
2022-02-07 15:18:28+00:00	WV03	0.39	0.0.1	1040010073586A00	19	122002303333	28.9	313.4	58.0	147.2	51.2	32619	MXRA-Z19-122002303333	734843.75,1999843.75,740156.25,2000177.3893698223	1.1	0.8	70	https://maxar-opendata.s3.amazonaws.com/events/Hurricane-Fiona-9-19-2022/ard/19/122002303333/2022-02-07/1040010073586A00-visual.tif
2022-02-07 15:18:29+00:00	WV03	0.39	0.0.1	1040010073586A00	19	122002321110	28.8	313.7	58.1	147.2	51.2	32619	MXRA-Z19-122002321110	732367.8588867188,1994843.75,735156.25,2000156.25	14.3	3.3	23	https://maxar-opendata.s3.amazonaws.com/events/Hurricane-Fiona-9-19-2022/ard/19/122002321110/2022-02-07/1040010073586A00-visual.tif
2022-02-07 15:18:29+00:00	WV03	0.39	0.0.1	1040010073586A00	19	122002321111	29.0	313.4	57.9	147.2	51.2	32619	MXRA-Z19-122002321111	734843.75,1994843.75,740156.25,2000156.25	27.7	3.1	11	https://maxar-opendata.s3.amazonaws.com/events/Hurricane-Fiona-9-19-2022/ard/19/122002321111/2022-02-07/1040010073586A00-visual.tif
2022-02-07 15:18:29+00:00	WV03	0.39	0.0.1	1040010073586A00	19	122002321112	28.9	313.6	58.0	147.2	51.2	32619	MXRA-Z19-122002321112	732442.0166015625,1989843.75,735156.25,1995156.25	13.9	1.6	11	https://maxar-opendata.s3.amazonaws.com/events/Hurricane-Fiona-9-19-2022/ard/19/122002321112/2022-02-07/1040010073586A00-visual.tif
2022-02-07 15:18:29+00:00	WV03	0.39	0.0.1	1040010073586A00	19	122002321113	29.0	313.3	57.8	147.2	51.2	32619	MXRA-Z19-122002321113	734843.75,1989843.75,740156.25,1995156.25	28.2	1.2	4	https://maxar-opendata.s3.amazonaws.com/events/Hurricane-Fiona-9-19-2022/ard/19/122002321113/2022-02-07/1040010073586A00-visual.tif
2022-02-07 15:18:29+00:00	WV03	0.39	0.0.1	1040010073586A00	19	122002330000	29.3	312.9	57.6	147.2	51.2	32619	MXRA-Z19-122002330000	739843.75,1994843.75,745156.25,1999957.7794107208	26.5	1.6	6	https://maxar-opendata.s3.amazonaws.com/events/Hurricane-Fiona-9-19-2022/ard/19/122002330000/2022-02-07/1040010073586A00-visual.tif
2022-02-07 15:18:29+00:00	WV03	0.39	0.0.1	1040010073586A00	19	122002330001	29.5	312.5	57.3	147.2	51.2	32619	MXRA-Z19-122002330001	744843.75,1994843.75,749215.087890625,1999738.169451619	20.7	0.0	0	https://maxar-opendata.s3.amazonaws.com/events/Hurricane-Fiona-9-19-2022/ard/19/122002330001/2022-02-07/1040010073586A00-visual.tif
2022-02-07 15:18:29+00:00	WV03	0.39	0.0.1	1040010073586A00	19	122002330002	29.3	312.9	57.5	147.2	51.2	32619	MXRA-Z19-122002330002	739843.75,1989843.75,745156.25,1995156.25	28.2	2.5	9	https://maxar-opendata.s3.amazonaws.com/events/Hurricane-Fiona-9-19-2022/ard/19/122002330002/2022-02-07/1040010073586A00-visual.tif
2022-02-07 15:18:29+00:00	WV03	0.39	0.0.1	1040010073586A00	19	122002330003	29.6	312.5	57.2	147.2	51.2	32619	MXRA-Z19-122002330003	744843.75,1989843.75,749325.8666992188,1995156.25	23.5	7.0	30	https://maxar-opendata.s3.amazonaws.com/events/Hurricane-Fiona-9-19-2022/ard/19/122002330003/2022-02-07/1040010073586A00-visual.tif
2022-02-07 15:18:30+00:00	WV03	0.39	0.0.1	1040010073586A00	19	122002321130	28.9	313.6	58.0	147.2	51.2	32619	MXRA-Z19-122002321130	732581.787109375,1989008.678463679,735156.25,1990156.25	2.7	0.0	0	https://maxar-opendata.s3.amazonaws.com/events/Hurricane-Fiona-9-19-2022/ard/19/122002321130/2022-02-07/1040010073586A00-visual.tif
2022-02-07 15:18:30+00:00	WV03	0.39	0.0.1	1040010073586A00	19	122002321131	29.1	313.3	57.7	147.2	51.2	32619	MXRA-Z19-122002321131	734843.75,1988633.8492552997,740156.25,1990156.25	7.0	0.0	0	https://maxar-opendata.s3.amazonaws.com/events/Hurricane-Fiona-9-19-2022/ard/19/122002321131/2022-02-07/1040010073586A00-visual.tif
2022-02-07 15:18:30+00:00	WV03	0.39	0.0.1	1040010073586A00	19	122002330020	29.4	312.8	57.4	147.2	51.2	32619	MXRA-Z19-122002330020	739843.75,1988259.02004692,745156.25,1990156.25	9.0	0.2	2	https://maxar-opendata.s3.amazonaws.com/events/Hurricane-Fiona-9-19-2022/ard/19/122002330020/2022-02-07/1040010073586A00-visual.tif
2022-02-07 15:18:30+00:00	WV03	0.39	0.0.1	1040010073586A00	19	122002330021	29.6	312.5	57.2	147.2	51.2	32619	MXRA-Z19-122002330021	744843.75,1987944.273440258,749354.7836204557,1990156.25	9.1	1.5	16	https://maxar-opendata.s3.amazonaws.com/events/Hurricane-Fiona-9-19-2022/ard/19/122002330021/2022-02-07/1040010073586A00-visual.tif
2022-02-12 14:58:26+00:00	WV03	0.35	0.0.1	10400100735AA800	19	122002321130	21.4	95.5	66.4	139.4	49.7	32619	MXRA-Z19-122002321130	732851.2573242188,1989008.678463679,735156.25,1990156.25	2.4	0.0	0	https://maxar-opendata.s3.amazonaws.com/events/Hurricane-Fiona-9-19-2022/ard/19/122002321130/2022-02-12/10400100735AA800-visual.tif
2022-02-12 14:58:26+00:00	WV03	0.35	0.0.1	10400100735AA800	19	122002321131	21.2	95.6	66.7	139.4	49.7	32619	MXRA-Z19-122002321131	734843.75,1988633.8492552997,740156.25,1990156.25	7.0	0.0	0	https://maxar-opendata.s3.amazonaws.com/events/Hurricane-Fiona-9-19-2022/ard/19/122002321131/2022-02-12/10400100735AA800-visual.tif
2022-02-12 14:58:26+00:00	WV03	0.34	0.0.1	10400100735AA800	19	122002330020	20.8	95.7	67.1	139.4	49.7	32619	MXRA-Z19-122002330020	739843.75,1988259.02004692,745156.25,1990156.25	9.0	1.7	19	https://maxar-opendata.s3.amazonaws.com/events/Hurricane-Fiona-9-19-2022/ard/19/122002330020/2022-02-12/10400100735AA800-visual.tif
2022-02-12 14:58:26+00:00	WV03	0.34	0.0.1	10400100735AA800	19	122002330021	20.5	95.8	67.4	139.4	49.7	32619	MXRA-Z19-122002330021	744843.75,1988034.7480809283,748147.9054123597,1990156.25	6.5	2.7	42	https://maxar-opendata.s3.amazonaws.com/events/Hurricane-Fiona-9-19-2022/ard/19/122002330021/2022-02-12/10400100735AA800-visual.tif
2022-02-12 14:58:27+00:00	WV03	0.35	0.0.1	10400100735AA800	19	122002321110	21.5	100.3	66.3	139.6	49.5	32619	MXRA-Z19-122002321110	732787.1704101562,1994843.75,735156.25,2000156.25	12.4	4.4	35	https://maxar-opendata.s3.amazonaws.com/events/Hurricane-Fiona-9-19-2022/ard/19/122002321110/2022-02-12/10400100735AA800-visual.tif
2022-02-12 14:58:27+00:00	WV03	0.35	0.0.1	10400100735AA800	19	122002321111	21.2	100.5	66.6	139.6	49.5	32619	MXRA-Z19-122002321111	734843.75,1994843.75,740156.25,2000156.25	27.7	16.7	60	https://maxar-opendata.s3.amazonaws.com/events/Hurricane-Fiona-9-19-2022/ard/19/122002321111/2022-02-12/10400100735AA800-visual.tif
2022-02-12 14:58:27+00:00	WV03	0.35	0.0.1	10400100735AA800	19	122002321112	21.4	97.9	66.4	139.5	49.6	32619	MXRA-Z19-122002321112	732801.513671875,1989843.75,735156.25,1995156.25	12.3	0.0	0	https://maxar-opendata.s3.amazonaws.com/events/Hurricane-Fiona-9-19-2022/ard/19/122002321112/2022-02-12/10400100735AA800-visual.tif
2022-02-12 14:58:27+00:00	WV03	0.35	0.0.1	10400100735AA800	19	122002321113	21.2	98.0	66.6	139.5	49.6	32619	MXRA-Z19-122002321113	734843.75,1989843.75,740156.25,1995156.25	28.2	1.6	5	https://maxar-opendata.s3.amazonaws.com/events/Hurricane-Fiona-9-19-2022/ard/19/122002321113/2022-02-12/10400100735AA800-visual.tif
2022-02-12 14:58:27+00:00	WV03	0.34	0.0.1	10400100735AA800	19	122002330000	20.9	100.7	67.0	139.6	49.5	32619	MXRA-Z19-122002330000	739843.75,1994843.75,745156.25,1999957.7794107208	26.5	15.3	57	https://maxar-opendata.s3.amazonaws.com/events/Hurricane-Fiona-9-19-2022/ard/19/122002330000/2022-02-12/10400100735AA800-visual.tif
2022-02-12 14:58:27+00:00	WV03	0.34	0.0.1	10400100735AA800	19	122002330001	20.6	100.9	67.4	139.6	49.5	32619	MXRA-Z19-122002330001	744843.75,1994843.75,748122.8637695312,1999738.169451619	15.6	8.4	54	https://maxar-opendata.s3.amazonaws.com/events/Hurricane-Fiona-9-19-2022/ard/19/122002330001/2022-02-12/10400100735AA800-visual.tif
2022-02-12 14:58:27+00:00	WV03	0.34	0.0.1	10400100735AA800	19	122002330002	20.8	98.2	67.1	139.5	49.6	32619	MXRA-Z19-122002330002	739843.75,1989843.75,745156.25,1995156.25	28.2	7.9	28	https://maxar-opendata.s3.amazonaws.com/events/Hurricane-Fiona-9-19-2022/ard/19/122002330002/2022-02-12/10400100735AA800-visual.tif
2022-02-12 14:58:27+00:00	WV03	0.34	0.0.1	10400100735AA800	19	122002330003	20.5	98.4	67.4	139.5	49.6	32619	MXRA-Z19-122002330003	744843.75,1989843.75,748150.3295898438,1995156.25	17.3	5.1	29	https://maxar-opendata.s3.amazonaws.com/events/Hurricane-Fiona-9-19-2022/ard/19/122002330003/2022-02-12/10400100735AA800-visual.tif
2022-02-12 14:58:28+00:00	WV03	0.35	0.0.1	10400100735AA800	19	122002303332	21.6	102.7	66.2	139.6	49.5	32619	MXRA-Z19-122002303332	732800.29296875,1999843.75,735156.25,2000266.7506163188	0.8	0.1	20	https://maxar-opendata.s3.amazonaws.com/events/Hurricane-Fiona-9-19-2022/ard/19/122002303332/2022-02-12/10400100735AA800-visual.tif
2022-02-12 14:58:28+00:00	WV03	0.35	0.0.1	10400100735AA800	19	122002303333	21.3	102.9	66.5	139.6	49.5	32619	MXRA-Z19-122002303333	734843.75,1999843.75,740156.25,2000177.3893698223	1.1	1.0	88	https://maxar-opendata.s3.amazonaws.com/events/Hurricane-Fiona-9-19-2022/ard/19/122002303333/2022-02-12/10400100735AA800-visual.tif
2022-02-12 14:58:30+00:00	WV03	0.35	0.0.1	10400100735AA800	19	122002303311	21.8	109.9	66.0	139.7	49.5	32619	MXRA-Z19-122002303311	738176.1286838966,2015446.7742832217,740156.25,2020156.25	9.1	0.0	0	https://maxar-opendata.s3.amazonaws.com/events/Hurricane-Fiona-9-19-2022/ard/19/122002303311/2022-02-12/10400100735AA800-visual.tif
2022-02-12 14:58:30+00:00	WV03	0.35	0.0.1	10400100735AA800	19	122002312200	21.4	110.4	66.4	139.7	49.5	32619	MXRA-Z19-122002312200	739843.75,2015466.982110972,745156.25,2020156.25	24.7	3.4	14	https://maxar-opendata.s3.amazonaws.com/events/Hurricane-Fiona-9-19-2022/ard/19/122002312200/2022-02-12/10400100735AA800-visual.tif
2022-02-12 14:58:31+00:00	WV03	0.35	0.0.1	10400100735AA800	19	122002303133	22.0	112.2	65.8	139.7	49.5	32619	MXRA-Z19-122002303133	738114.5009160371,2019843.75,740156.25,2025156.25	10.6	0.0	0	https://maxar-opendata.s3.amazonaws.com/events/Hurricane-Fiona-9-19-2022/ard/19/122002303133/2022-02-12/10400100735AA800-visual.tif
2022-02-12 14:58:31+00:00	WV03	0.35	0.0.1	10400100735AA800	19	122002312022	21.6	112.7	66.2	139.7	49.5	32619	MXRA-Z19-122002312022	739843.75,2019843.75,745156.25,2025156.25	28.2	0.6	2	https://maxar-opendata.s3.amazonaws.com/events/Hurricane-Fiona-9-19-2022/ard/19/122002312022/2022-02-12/10400100735AA800-visual.tif
2022-02-12 14:58:31+00:00	WV03	0.35	0.0.1	10400100735AA800	19	122002312023	21.3	113.1	66.5	139.7	49.5	32619	MXRA-Z19-122002312023	744843.75,2019843.75,747934.8754882812,2025156.25	15.9	2.0	13	https://maxar-opendata.s3.amazonaws.com/events/Hurricane-Fiona-9-19-2022/ard/19/122002312023/2022-02-12/10400100735AA800-visual.tif
2022-02-12 14:58:31+00:00	WV03	0.35	0.0.1	10400100735AA800	19	122002312201	21.1	110.7	66.7	139.7	49.5	32619	MXRA-Z19-122002312201	744843.75,2015529.7559333204,748028.4064568348,2020156.25	14.1	3.1	22	https://maxar-opendata.s3.amazonaws.com/events/Hurricane-Fiona-9-19-2022/ard/19/122002312201/2022-02-12/10400100735AA800-visual.tif
2022-02-12 14:58:32+00:00	WV03	0.35	0.0.1	10400100735AA800	19	122002303131	22.2	114.4	65.5	139.7	49.5	32619	MXRA-Z19-122002303131	738111.6629656524,2024843.75,740156.25,2025412.2908347656	1.1	0.0	0	https://maxar-opendata.s3.amazonaws.com/events/Hurricane-Fiona-9-19-2022/ard/19/122002303131/2022-02-12/10400100735AA800-visual.tif
2022-02-12 14:58:32+00:00	WV03	0.35	0.0.1	10400100735AA800	19	122002312020	21.8	114.9	65.9	139.7	49.5	32619	MXRA-Z19-122002312020	739843.75,2024843.75,745156.25,2025475.3634987748	3.1	0.1	6	https://maxar-opendata.s3.amazonaws.com/events/Hurricane-Fiona-9-19-2022/ard/19/122002312020/2022-02-12/10400100735AA800-visual.tif
2022-02-12 14:58:32+00:00	WV03	0.35	0.0.1	10400100735AA800	19	122002312021	21.6	115.3	66.2	139.7	49.5	32619	MXRA-Z19-122002312021	744843.75,2024843.75,747833.5571289062,2025508.6808442303	1.9	1.5	80	https://maxar-opendata.s3.amazonaws.com/events/Hurricane-Fiona-9-19-2022/ard/19/122002312021/2022-02-12/10400100735AA800-visual.tif
2022-02-12 14:58:48+00:00	WV03	0.37	0.0.1	10400100739AD300	19	122002312021	25.6	138.8	61.8	139.9	49.5	32619	MXRA-Z19-122002312021	745811.8384631687,2024843.75,748124.4447287939,2025512.6975070192	1.5	1.1	78	https://maxar-opendata.s3.amazonaws.com/events/Hurricane-Fiona-9-19-2022/ard/19/122002312021/2022-02-12/10400100739AD300-visual.tif
2022-02-12 14:58:49+00:00	WV03	0.37	0.0.1	10400100739AD300	19	122002312023	25.5	138.9	61.8	139.9	49.5	32619	MXRA-Z19-122002312023	745806.2744140625,2019843.75,748188.663508496,2025156.25	11.9	2.6	22	https://maxar-opendata.s3.amazonaws.com/events/Hurricane-Fiona-9-19-2022/ard/19/122002312023/2022-02-12/10400100739AD300-visual.tif
2022-02-12 14:58:50+00:00	WV03	0.37	0.0.1	10400100739AD300	19	122002312201	25.4	138.9	61.9	139.9	49.6	32619	MXRA-Z19-122002312201	745872.802734375,2015544.2684243366,748243.523180867,2020156.25	10.4	3.5	34	https://maxar-opendata.s3.amazonaws.com/events/Hurricane-Fiona-9-19-2022/ard/19/122002312201/2022-02-12/10400100739AD300-visual.tif
2022-02-12 14:58:52+00:00	WV03	0.36	0.0.1	10400100739AD300	19	122002330010	25.0	139.9	62.4	139.8	49.8	32619	MXRA-Z19-122002330010	749843.75,1994843.75,755156.25,1999518.5594925175	24.2	10.6	44	https://maxar-opendata.s3.amazonaws.com/events/Hurricane-Fiona-9-19-2022/ard/19/122002330010/2022-02-12/10400100739AD300-visual.tif
2022-02-12 14:58:52+00:00	WV03	0.36	0.0.1	10400100739AD300	19	122002330011	24.7	140.6	62.7	139.8	49.8	32619	MXRA-Z19-122002330011	754843.75,1994843.75,760156.25,1999298.9495334157	23.0	5.0	22	https://maxar-opendata.s3.amazonaws.com/events/Hurricane-Fiona-9-19-2022/ard/19/122002330011/2022-02-12/10400100739AD300-visual.tif
2022-02-12 14:58:52+00:00	WV03	0.36	0.0.1	10400100739AD300	19	122002330100	24.6	140.9	62.9	139.8	49.8	32619	MXRA-Z19-122002330100	759843.75,1994843.75,761489.2578125,1999079.3395743142	6.8	0.0	0	https://maxar-opendata.s3.amazonaws.com/events/Hurricane-Fiona-9-19-2022/ard/19/122002330100/2022-02-12/10400100739AD300-visual.tif
2022-02-12 14:58:53+00:00	WV03	0.37	0.0.1	10400100739AD300	19	122002330001	25.2	139.3	62.2	139.8	49.8	32619	MXRA-Z19-122002330001	746149.7159605201,1994843.75,750156.25,1999680.8088253834	18.8	10.2	54	https://maxar-opendata.s3.amazonaws.com/events/Hurricane-Fiona-9-19-2022/ard/19/122002330001/2022-02-12/10400100739AD300-visual.tif
2022-02-12 14:58:53+00:00	WV03	0.36	0.0.1	10400100739AD300	19	122002330003	25.1	139.4	62.3	139.7	49.8	32619	MXRA-Z19-122002330003	746199.3408203125,1989843.75,750156.25,1995156.25	20.8	3.3	16	https://maxar-opendata.s3.amazonaws.com/events/Hurricane-Fiona-9-19-2022/ard/19/122002330003/2022-02-12/10400100739AD300-visual.tif
2022-02-12 14:58:53+00:00	WV03	0.36	0.0.1	10400100739AD300	19	122002330012	24.9	140.0	62.5	139.7	49.8	32619	MXRA-Z19-122002330012	749843.75,1989843.75,755156.25,1995156.25	28.2	17.2	60	https://maxar-opendata.s3.amazonaws.com/events/Hurricane-Fiona-9-19-2022/ard/19/122002330012/2022-02-12/10400100739AD300-visual.tif
2022-02-12 14:58:53+00:00	WV03	0.36	0.0.1	10400100739AD300	19	122002330013	24.6	140.7	62.8	139.7	49.8	32619	MXRA-Z19-122002330013	754843.75,1989843.75,760156.25,1995156.25	28.2	16.2	57	https://maxar-opendata.s3.amazonaws.com/events/Hurricane-Fiona-9-19-2022/ard/19/122002330013/2022-02-12/10400100739AD300-visual.tif
2022-02-12 14:58:53+00:00	WV03	0.36	0.0.1	10400100739AD300	19	122002330102	24.5	141.0	63.0	139.7	49.8	32619	MXRA-Z19-122002330102	759843.75,1989843.75,761522.8271484375,1995156.25	8.7	6.3	71	https://maxar-opendata.s3.amazonaws.com/events/Hurricane-Fiona-9-19-2022/ard/19/122002330102/2022-02-12/10400100739AD300-visual.tif
2022-02-12 14:58:54+00:00	WV03	0.36	0.0.1	10400100739AD300	19	122002330021	25.1	139.5	62.3	139.7	49.8	32619	MXRA-Z19-122002330021	746250.0,1987884.1908385407,750156.25,1990156.25	8.2	3.7	45	https://maxar-opendata.s3.amazonaws.com/events/Hurricane-Fiona-9-19-2022/ard/19/122002330021/2022-02-12/10400100739AD300-visual.tif
2022-02-12 14:58:54+00:00	WV03	0.36	0.0.1	10400100739AD300	19	122002330030	24.8	140.1	62.6	139.7	49.8	32619	MXRA-Z19-122002330030	749843.75,1987509.3616301613,755156.25,1990156.25	13.0	9.5	73	https://maxar-opendata.s3.amazonaws.com/events/Hurricane-Fiona-9-19-2022/ard/19/122002330030/2022-02-12/10400100739AD300-visual.tif
2022-02-12 14:58:54+00:00	WV03	0.36	0.0.1	10400100739AD300	19	122002330031	24.6	140.8	62.9	139.7	49.8	32619	MXRA-Z19-122002330031	754843.75,1987134.5324217817,760156.25,1990156.25	14.9	8.9	59	https://maxar-opendata.s3.amazonaws.com/events/Hurricane-Fiona-9-19-2022/ard/19/122002330031/2022-02-12/10400100739AD300-visual.tif
2022-02-12 14:58:54+00:00	WV03	0.36	0.0.1	10400100739AD300	19	122002330120	24.4	141.1	63.0	139.7	49.8	32619	MXRA-Z19-122002330120	759843.75,1987029.711965858,761554.4929007731,1990156.25	5.1	3.7	72	https://maxar-opendata.s3.amazonaws.com/events/Hurricane-Fiona-9-19-2022/ard/19/122002330120/2022-02-12/10400100739AD300-visual.tif
2022-05-19 15:06:50+00:00	GE01	0.49	0.0.1	105001002BD72900	19	122002303332	25.4	179.2	61.6	80.9	71.7	32619	MXRA-Z19-122002303332	731986.9209565916,1999843.75,735156.25,2000296.7453134065	1.2	0.6	52	https://maxar-opendata.s3.amazonaws.com/events/Hurricane-Fiona-9-19-2022/ard/19/122002303332/2022-05-19/105001002BD72900-visual.tif
2022-05-19 15:06:50+00:00	GE01	0.49	0.0.1	105001002BD72900	19	122002303333	25.4	179.4	61.6	80.9	71.7	32619	MXRA-Z19-122002303333	734843.75,1999843.75,735264.2822265625,2000177.3893698223	0.1	0.1	79	https://maxar-opendata.s3.amazonaws.com/events/Hurricane-Fiona-9-19-2022/ard/19/122002303333/2022-05-19/105001002BD72900-visual.tif
2022-05-19 15:06:50+00:00	GE01	0.49	0.0.1	105001002BD72900	19	122002321110	25.5	179.4	61.5	80.9	71.7	32619	MXRA-Z19-122002321110	730448.536896123,1994843.75,735156.25,2000156.25	20.6	7.1	34	https://maxar-opendata.s3.amazonaws.com/events/Hurricane-Fiona-9-19-2022/ard/19/122002321110/2022-05-19/105001002BD72900-visual.tif
2022-05-19 15:06:50+00:00	GE01	0.49	0.0.1	105001002BD72900	19	122002321111	25.5	179.6	61.5	80.9	71.7	32619	MXRA-Z19-122002321111	734843.75,1994843.75,735332.6416015625,2000156.25	2.4	0.7	33	https://maxar-opendata.s3.amazonaws.com/events/Hurricane-Fiona-9-19-2022/ard/19/122002321111/2022-05-19/105001002BD72900-visual.tif
2022-05-19 15:06:51+00:00	GE01	0.49	0.0.1	105001002BD72900	19	122002321103	25.6	178.7	61.4	80.8	71.7	32619	MXRA-Z19-122002321103	728910.1528356543,1989843.75,730156.25,1993893.7697459343	2.5	0.0	0	https://maxar-opendata.s3.amazonaws.com/events/Hurricane-Fiona-9-19-2022/ard/19/122002321103/2022-05-19/105001002BD72900-visual.tif
2022-05-19 15:06:51+00:00	GE01	0.49	0.0.1	105001002BD72900	19	122002321112	25.6	179.6	61.4	80.8	71.7	32619	MXRA-Z19-122002321112	729843.75,1989843.75,735156.25,1995156.25	27.4	0.0	0	https://maxar-opendata.s3.amazonaws.com/events/Hurricane-Fiona-9-19-2022/ard/19/122002321112/2022-05-19/105001002BD72900-visual.tif
2022-05-19 15:06:51+00:00	GE01	0.49	0.0.1	105001002BD72900	19	122002321113	25.6	179.9	61.4	80.8	71.7	32619	MXRA-Z19-122002321113	734843.75,1989843.75,735401.0009765625,1995156.25	2.7	0.0	0	https://maxar-opendata.s3.amazonaws.com/events/Hurricane-Fiona-9-19-2022/ard/19/122002321113/2022-05-19/105001002BD72900-visual.tif
2022-05-19 15:06:52+00:00	GE01	0.49	0.0.1	105001002BD72900	19	122002321121	25.6	178.9	61.3	80.8	71.7	32619	MXRA-Z19-122002321121	728799.8330412644,1989383.5076720584,730156.25,1990156.25	0.9	0.0	0	https://maxar-opendata.s3.amazonaws.com/events/Hurricane-Fiona-9-19-2022/ard/19/122002321121/2022-05-19/105001002BD72900-visual.tif
2022-05-19 15:06:52+00:00	GE01	0.49	0.0.1	105001002BD72900	19	122002321130	25.6	179.8	61.4	80.8	71.7	32619	MXRA-Z19-122002321130	729843.75,1989008.678463679,735156.25,1990156.25	5.0	0.0	0	https://maxar-opendata.s3.amazonaws.com/events/Hurricane-Fiona-9-19-2022/ard/19/122002321130/2022-05-19/105001002BD72900-visual.tif
2022-05-19 15:06:52+00:00	GE01	0.49	0.0.1	105001002BD72900	19	122002321131	25.6	179.9	61.4	80.8	71.7	32619	MXRA-Z19-122002321131	734843.75,1988989.4746768987,735412.4171602847,1990156.25	0.6	0.0	0	https://maxar-opendata.s3.amazonaws.com/events/Hurricane-Fiona-9-19-2022/ard/19/122002321131/2022-05-19/105001002BD72900-visual.tif
2022-06-07 14:57:31+00:00	GE01	0.48	0.0.1	105001002C5F6600	19	122002303333	23.9	116.9	63.3	73.1	68.8	32619	MXRA-Z19-122002303333	736209.1064453125,1999843.75,740156.25,2000116.589576421	0.7	0.1	19	https://maxar-opendata.s3.amazonaws.com/events/Hurricane-Fiona-9-19-2022/ard/19/122002303333/2022-06-07/105001002C5F6600-visual.tif
2022-06-07 14:57:32+00:00	GE01	0.48	0.0.1	105001002C5F6600	19	122002330001	23.4	118.1	64.0	73.0	68.8	32619	MXRA-Z19-122002330001	744843.75,1994843.75,750156.25,1999738.169451619	25.3	0.6	2	https://maxar-opendata.s3.amazonaws.com/events/Hurricane-Fiona-9-19-2022/ard/19/122002330001/2022-06-07/105001002C5F6600-visual.tif
2022-06-07 14:57:32+00:00	GE01	0.48	0.0.1	105001002C5F6600	19	122002330010	23.1	118.4	64.3	73.0	68.8	32619	MXRA-Z19-122002330010	749843.75,1994843.75,754732.9001296954,1999518.5594925175	22.2	0.0	0	https://maxar-opendata.s3.amazonaws.com/events/Hurricane-Fiona-9-19-2022/ard/19/122002330010/2022-06-07/105001002C5F6600-visual.tif
2022-06-07 14:57:33+00:00	GE01	0.48	0.0.1	105001002C5F6600	19	122002321111	23.9	117.4	63.3	73.0	68.8	32619	MXRA-Z19-122002321111	736178.8940429688,1994843.75,740156.25,2000115.8643949956	20.5	1.2	5	https://maxar-opendata.s3.amazonaws.com/events/Hurricane-Fiona-9-19-2022/ard/19/122002321111/2022-06-07/105001002C5F6600-visual.tif
2022-06-07 14:57:33+00:00	GE01	0.48	0.0.1	105001002C5F6600	19	122002330000	23.7	117.7	63.6	73.0	68.8	32619	MXRA-Z19-122002330000	739843.75,1994843.75,745156.25,1999957.7794107208	26.5	1.4	5	https://maxar-opendata.s3.amazonaws.com/events/Hurricane-Fiona-9-19-2022/ard/19/122002330000/2022-06-07/105001002C5F6600-visual.tif
2022-06-07 14:57:33+00:00	GE01	0.48	0.0.1	105001002C5F6600	19	122002330012	23.1	118.9	64.3	73.0	68.8	32619	MXRA-Z19-122002330012	749843.75,1989843.75,754764.7094726562,1995156.25	26.0	0.0	0	https://maxar-opendata.s3.amazonaws.com/events/Hurricane-Fiona-9-19-2022/ard/19/122002330012/2022-06-07/105001002C5F6600-visual.tif
2022-06-07 14:57:34+00:00	GE01	0.48	0.0.1	105001002C5F6600	19	122002321113	23.9	117.9	63.3	73.0	68.8	32619	MXRA-Z19-122002321113	736212.158203125,1989843.75,740156.25,1995156.25	20.8	0.0	0	https://maxar-opendata.s3.amazonaws.com/events/Hurricane-Fiona-9-19-2022/ard/19/122002321113/2022-06-07/105001002C5F6600-visual.tif
2022-06-07 14:57:34+00:00	GE01	0.48	0.0.1	105001002C5F6600	19	122002330002	23.7	118.2	63.6	73.0	68.8	32619	MXRA-Z19-122002330002	739843.75,1989843.75,745156.25,1995156.25	28.2	0.0	0	https://maxar-opendata.s3.amazonaws.com/events/Hurricane-Fiona-9-19-2022/ard/19/122002330002/2022-06-07/105001002C5F6600-visual.tif
2022-06-07 14:57:34+00:00	GE01	0.48	0.0.1	105001002C5F6600	19	122002330003	23.3	118.6	64.0	73.0	68.8	32619	MXRA-Z19-122002330003	744843.75,1989843.75,750156.25,1995156.25	28.2	0.0	0	https://maxar-opendata.s3.amazonaws.com/events/Hurricane-Fiona-9-19-2022/ard/19/122002330003/2022-06-07/105001002C5F6600-visual.tif
2022-06-07 14:57:35+00:00	GE01	0.48	0.0.1	105001002C5F6600	19	122002321131	23.9	118.4	63.3	72.9	68.8	32619	MXRA-Z19-122002321131	736259.1552734375,1988633.8492552997,740156.25,1990156.25	5.3	0.0	0	https://maxar-opendata.s3.amazonaws.com/events/Hurricane-Fiona-9-19-2022/ard/19/122002321131/2022-06-07/105001002C5F6600-visual.tif
2022-06-07 14:57:35+00:00	GE01	0.48	0.0.1	105001002C5F6600	19	122002330020	23.6	118.7	63.6	72.9	68.8	32619	MXRA-Z19-122002330020	739843.75,1988259.02004692,745156.25,1990156.25	9.0	0.0	0	https://maxar-opendata.s3.amazonaws.com/events/Hurricane-Fiona-9-19-2022/ard/19/122002330020/2022-06-07/105001002C5F6600-visual.tif
2022-06-07 14:57:35+00:00	GE01	0.48	0.0.1	105001002C5F6600	19	122002330021	23.3	119.1	64.0	72.9	68.8	32619	MXRA-Z19-122002330021	744843.75,1987884.1908385407,750156.25,1990156.25	11.0	0.0	0	https://maxar-opendata.s3.amazonaws.com/events/Hurricane-Fiona-9-19-2022/ard/19/122002330021/2022-06-07/105001002C5F6600-visual.tif
2022-06-07 14:57:35+00:00	GE01	0.48	0.0.1	105001002C5F6600	19	122002330030	23.0	119.4	64.3	72.9	68.8	32619	MXRA-Z19-122002330030	749843.75,1987536.8454061772,754789.6326793437,1990156.25	12.0	0.0	0	https://maxar-opendata.s3.amazonaws.com/events/Hurricane-Fiona-9-19-2022/ard/19/122002330030/2022-06-07/105001002C5F6600-visual.tif
2022-08-03 15:11:28+00:00	WV02	0.5	0.0.1	10300100D7C2AD00	19	122002330021	17.6	200.9	70.1	88.3	70.7	32619	MXRA-Z19-122002330021	749721.0693359375,1987884.1908385407,750156.25,1990156.25	0.9	0.0	0	https://maxar-opendata.s3.amazonaws.com/events/Hurricane-Fiona-9-19-2022/ard/19/122002330021/2022-08-03/10300100D7C2AD00-visual.tif
2022-08-03 15:11:28+00:00	WV02	0.5	0.0.1	10300100D7C2AD00	19	122002330030	17.7	201.2	70.1	88.3	70.7	32619	MXRA-Z19-122002330030	749843.75,1987509.3616301613,755156.25,1990156.25	13.0	0.0	0	https://maxar-opendata.s3.amazonaws.com/events/Hurricane-Fiona-9-19-2022/ard/19/122002330030/2022-08-03/10300100D7C2AD00-visual.tif
2022-08-03 15:11:28+00:00	WV02	0.5	0.0.1	10300100D7C2AD00	19	122002330031	17.8	202.3	70.0	88.3	70.7	32619	MXRA-Z19-122002330031	754843.75,1987134.5324217817,760156.25,1990156.25	14.9	0.0	0	https://maxar-opendata.s3.amazonaws.com/events/Hurricane-Fiona-9-19-2022/ard/19/122002330031/2022-08-03/10300100D7C2AD00-visual.tif
2022-08-03 15:11:28+00:00	WV02	0.51	0.0.1	10300100D7C2AD00	19	122002330120	17.9	203.4	69.9	88.3	70.7	32619	MXRA-Z19-122002330120	759843.75,1986877.8354355514,763697.8779993227,1990156.25	11.9	0.0	0	https://maxar-opendata.s3.amazonaws.com/events/Hurricane-Fiona-9-19-2022/ard/19/122002330120/2022-08-03/10300100D7C2AD00-visual.tif
2022-08-03 15:11:29+00:00	WV02	0.51	0.0.1	10300100D7C2AD00	19	122002330001	18.7	199.9	68.9	88.5	70.7	32619	MXRA-Z19-122002330001	749505.6494902886,1994843.75,750156.25,1999533.4095403394	2.7	1.2	44	https://maxar-opendata.s3.amazonaws.com/events/Hurricane-Fiona-9-19-2022/ard/19/122002330001/2022-08-03/10300100D7C2AD00-visual.tif
2022-08-03 15:11:29+00:00	WV02	0.51	0.0.1	10300100D7C2AD00	19	122002330003	18.2	200.4	69.5	88.3	70.7	32619	MXRA-Z19-122002330003	749618.8354492188,1989843.75,750156.25,1995156.25	2.5	0.0	3	https://maxar-opendata.s3.amazonaws.com/events/Hurricane-Fiona-9-19-2022/ard/19/122002330003/2022-08-03/10300100D7C2AD00-visual.tif
2022-08-03 15:11:29+00:00	WV02	0.51	0.0.1	10300100D7C2AD00	19	122002330010	18.7	200.2	68.9	88.5	70.7	32619	MXRA-Z19-122002330010	749843.75,1994843.75,755156.25,1999518.5594925175	24.2	9.0	37	https://maxar-opendata.s3.amazonaws.com/events/Hurricane-Fiona-9-19-2022/ard/19/122002330010/2022-08-03/10300100D7C2AD00-visual.tif
2022-08-03 15:11:29+00:00	WV02	0.51	0.0.1	10300100D7C2AD00	19	122002330011	18.8	201.3	68.8	88.5	70.7	32619	MXRA-Z19-122002330011	754843.75,1994843.75,760156.25,1999298.9495334157	23.0	16.0	69	https://maxar-opendata.s3.amazonaws.com/events/Hurricane-Fiona-9-19-2022/ard/19/122002330011/2022-08-03/10300100D7C2AD00-visual.tif
2022-08-03 15:11:29+00:00	WV02	0.51	0.0.1	10300100D7C2AD00	19	122002330012	18.2	200.7	69.5	88.3	70.7	32619	MXRA-Z19-122002330012	749843.75,1989843.75,755156.25,1995156.25	28.2	2.3	8	https://maxar-opendata.s3.amazonaws.com/events/Hurricane-Fiona-9-19-2022/ard/19/122002330012/2022-08-03/10300100D7C2AD00-visual.tif
2022-08-03 15:11:29+00:00	WV02	0.51	0.0.1	10300100D7C2AD00	19	122002330013	18.3	201.8	69.4	88.3	70.7	32619	MXRA-Z19-122002330013	754843.75,1989843.75,760156.25,1995156.25	28.2	1.4	5	https://maxar-opendata.s3.amazonaws.com/events/Hurricane-Fiona-9-19-2022/ard/19/122002330013/2022-08-03/10300100D7C2AD00-visual.tif
2022-08-03 15:11:29+00:00	WV02	0.51	0.0.1	10300100D7C2AD00	19	122002330100	18.9	202.3	68.7	88.5	70.7	32619	MXRA-Z19-122002330100	759843.75,1994843.75,764010.9713125862,1999079.3395743142	16.9	9.5	56	https://maxar-opendata.s3.amazonaws.com/events/Hurricane-Fiona-9-19-2022/ard/19/122002330100/2022-08-03/10300100D7C2AD00-visual.tif
2022-08-03 15:11:29+00:00	WV02	0.51	0.0.1	10300100D7C2AD00	19	122002330102	18.4	202.8	69.3	88.3	70.7	32619	MXRA-Z19-122002330102	759843.75,1989843.75,763876.9920007231,1995156.25	20.9	0.0	0	https://maxar-opendata.s3.amazonaws.com/events/Hurricane-Fiona-9-19-2022/ard/19/122002330102/2022-08-03/10300100D7C2AD00-visual.tif
2022-09-21 15:06:36+00:00	WV03	0.31	0.0.1	104001007B2A1300	19	122002303311	4.6	137.3	85.0	132.4	64.8	32619	MXRA-Z19-122002303311	738176.1286838966,2015446.7742832217,740156.25,2020156.25	9.1	0.1	1	https://maxar-opendata.s3.amazonaws.com/events/Hurricane-Fiona-9-19-2022/ard/19/122002303311/2022-09-21/104001007B2A1300-visual.tif
2022-09-21 15:06:36+00:00	WV03	0.31	0.0.1	104001007B2A1300	19	122002312200	4.3	140.8	85.3	132.4	64.8	32619	MXRA-Z19-122002312200	739843.75,2015466.982110972,745156.25,2020156.25	24.7	0.3	1	https://maxar-opendata.s3.amazonaws.com/events/Hurricane-Fiona-9-19-2022/ard/19/122002312200/2022-09-21/104001007B2A1300-visual.tif
2022-09-21 15:06:36+00:00	WV03	0.31	0.0.1	104001007B2A1300	19	122002312201	4.0	145.5	85.6	132.4	64.8	32619	MXRA-Z19-122002312201	744843.75,2015529.7559333204,748243.523180867,2020156.25	15.5	0.9	6	https://maxar-opendata.s3.amazonaws.com/events/Hurricane-Fiona-9-19-2022/ard/19/122002312201/2022-09-21/104001007B2A1300-visual.tif
2022-09-21 15:06:37+00:00	WV03	0.31	0.0.1	104001007B2A1300	19	122002303131	5.6	148.6	83.9	132.4	64.8	32619	MXRA-Z19-122002303131	738111.6629656524,2024843.75,740156.25,2025412.2886012408	1.1	0.0	0	https://maxar-opendata.s3.amazonaws.com/events/Hurricane-Fiona-9-19-2022/ard/19/122002303131/2022-09-21/104001007B2A1300-visual.tif
2022-09-21 15:06:37+00:00	WV03	0.31	0.0.1	104001007B2A1300	19	122002303133	5.3	145.4	84.2	132.4	64.8	32619	MXRA-Z19-122002303133	738114.5009160371,2019843.75,740156.25,2025156.25	10.6	0.0	0	https://maxar-opendata.s3.amazonaws.com/events/Hurricane-Fiona-9-19-2022/ard/19/122002303133/2022-09-21/104001007B2A1300-visual.tif
2022-09-21 15:06:37+00:00	WV03	0.31	0.0.1	104001007B2A1300	19	122002312020	5.5	152.3	84.0	132.4	64.8	32619	MXRA-Z19-122002312020	739843.75,2024843.75,745156.25,2025475.3598489978	3.1	0.0	0	https://maxar-opendata.s3.amazonaws.com/events/Hurricane-Fiona-9-19-2022/ard/19/122002312020/2022-09-21/104001007B2A1300-visual.tif
2022-09-21 15:06:37+00:00	WV03	0.31	0.0.1	104001007B2A1300	19	122002312021	5.3	156.3	84.2	132.4	64.8	32619	MXRA-Z19-122002312021	744843.75,2024843.75,748124.4447287939,2025512.6975070192	2.1	0.0	0	https://maxar-opendata.s3.amazonaws.com/events/Hurricane-Fiona-9-19-2022/ard/19/122002312021/2022-09-21/104001007B2A1300-visual.tif
2022-09-21 15:06:37+00:00	WV03	0.31	0.0.1	104001007B2A1300	19	122002312022	5.0	148.8	84.5	132.4	64.8	32619	MXRA-Z19-122002312022	739843.75,2019843.75,745156.25,2025156.25	28.2	0.0	0	https://maxar-opendata.s3.amazonaws.com/events/Hurricane-Fiona-9-19-2022/ard/19/122002312022/2022-09-21/104001007B2A1300-visual.tif
2022-09-21 15:06:37+00:00	WV03	0.31	0.0.1	104001007B2A1300	19	122002312023	4.8	153.2	84.7	132.4	64.8	32619	MXRA-Z19-122002312023	744843.75,2019843.75,748188.663508496,2025156.25	17.5	0.0	0	https://maxar-opendata.s3.amazonaws.com/events/Hurricane-Fiona-9-19-2022/ard/19/122002312023/2022-09-21/104001007B2A1300-visual.tif
2022-09-22 15:22:54+00:00	WV03	0.55	0.0.1	104001007A2F5600	19	122002330010	42.7	232.5	42.0	140.9	67.5	32619	MXRA-Z19-122002330010	750618.6851522771,1994843.75,755156.25,1999484.522797098	20.3	11.4	56	https://maxar-opendata.s3.amazonaws.com/events/Hurricane-Fiona-9-19-2022/ard/19/122002330010/2022-09-22/104001007A2F5600-visual.tif
2022-09-22 15:22:54+00:00	WV03	0.56	0.0.1	104001007A2F5600	19	122002330011	42.9	232.7	41.7	140.9	67.5	32619	MXRA-Z19-122002330011	754843.75,1994843.75,760156.25,1999298.9495334157	23.0	10.0	43	https://maxar-opendata.s3.amazonaws.com/events/Hurricane-Fiona-9-19-2022/ard/19/122002330011/2022-09-22/104001007A2F5600-visual.tif
2022-09-22 15:22:54+00:00	WV03	0.56	0.0.1	104001007A2F5600	19	122002330100	43.1	232.9	41.5	140.9	67.5	32619	MXRA-Z19-122002330100	759843.75,1994843.75,764010.9713125862,1999079.3395743142	16.9	4.8	28	https://maxar-opendata.s3.amazonaws.com/events/Hurricane-Fiona-9-19-2022/ard/19/122002330100/2022-09-22/104001007A2F5600-visual.tif
2022-09-22 15:22:55+00:00	WV03	0.55	0.0.1	104001007A2F5600	19	122002330012	42.7	232.6	42.0	140.9	67.5	32619	MXRA-Z19-122002330012	750674.7436523438,1989843.75,755156.25,1995156.25	23.0	1.7	7	https://maxar-opendata.s3.amazonaws.com/events/Hurricane-Fiona-9-19-2022/ard/19/122002330012/2022-09-22/104001007A2F5600-visual.tif
2022-09-22 15:22:55+00:00	WV03	0.56	0.0.1	104001007A2F5600	19	122002330013	42.9	232.9	41.8	140.8	67.6	32619	MXRA-Z19-122002330013	754843.75,1989843.75,760156.25,1995156.25	28.2	1.6	5	https://maxar-opendata.s3.amazonaws.com/events/Hurricane-Fiona-9-19-2022/ard/19/122002330013/2022-09-22/104001007A2F5600-visual.tif
2022-09-22 15:22:55+00:00	WV03	0.55	0.0.1	104001007A2F5600	19	122002330030	42.7	232.8	42.0	140.8	67.7	32619	MXRA-Z19-122002330030	750869.4458007812,1987509.3616301613,755156.25,1990156.25	10.6	0.1	0	https://maxar-opendata.s3.amazonaws.com/events/Hurricane-Fiona-9-19-2022/ard/19/122002330030/2022-09-22/104001007A2F5600-visual.tif
2022-09-22 15:22:55+00:00	WV03	0.56	0.0.1	104001007A2F5600	19	122002330031	42.8	233.0	41.8	140.8	67.7	32619	MXRA-Z19-122002330031	754843.75,1987134.5324217817,760156.25,1990156.25	14.9	1.3	9	https://maxar-opendata.s3.amazonaws.com/events/Hurricane-Fiona-9-19-2022/ard/19/122002330031/2022-09-22/104001007A2F5600-visual.tif
2022-09-22 15:22:55+00:00	WV03	0.56	0.0.1	104001007A2F5600	19	122002330102	43.1	233.1	41.5	140.8	67.7	32619	MXRA-Z19-122002330102	759843.75,1989843.75,763876.9920007231,1995156.25	20.9	1.6	7	https://maxar-opendata.s3.amazonaws.com/events/Hurricane-Fiona-9-19-2022/ard/19/122002330102/2022-09-22/104001007A2F5600-visual.tif
2022-09-22 15:22:55+00:00	WV03	0.56	0.0.1	104001007A2F5600	19	122002330120	43.1	233.2	41.5	140.8	67.7	32619	MXRA-Z19-122002330120	759843.75,1986877.8354355514,763697.8779993227,1990156.25	11.9	3.8	31	https://maxar-opendata.s3.amazonaws.com/events/Hurricane-Fiona-9-19-2022/ard/19/122002330120/2022-09-22/104001007A2F5600-visual.tif
2022-09-23 15:19:08+00:00	GE01	0.47	0.0.1	105001002ED01C00	19	033111210212	21.8	67.5	65.7	136.2	61.3	32619	MXRA-Z19-033111210212	273389.1246488757,2370471.8374195294,275156.25,2375156.25	8.2	0.0	0	https://maxar-opendata.s3.amazonaws.com/events/Hurricane-Fiona-9-19-2022/ard/19/033111210212/2022-09-23/105001002ED01C00-visual.tif
2022-09-23 15:19:08+00:00	GE01	0.47	0.0.1	105001002ED01C00	19	033111210213	21.5	67.0	66.1	136.2	61.3	32619	MXRA-Z19-033111210213	274843.75,2370474.435979608,280156.25,2375156.25	24.8	2.2	9	https://maxar-opendata.s3.amazonaws.com/events/Hurricane-Fiona-9-19-2022/ard/19/033111210213/2022-09-23/105001002ED01C00-visual.tif
2022-09-23 15:19:08+00:00	GE01	0.46	0.0.1	105001002ED01C00	19	033111210302	21.2	66.6	66.4	136.2	61.3	32619	MXRA-Z19-033111210302	279843.75,2370483.3680392494,283678.83796323056,2375156.25	17.9	0.0	0	https://maxar-opendata.s3.amazonaws.com/events/Hurricane-Fiona-9-19-2022/ard/19/033111210302/2022-09-23/105001002ED01C00-visual.tif
2022-09-23 15:19:09+00:00	GE01	0.47	0.0.1	105001002ED01C00	19	033111210210	21.4	69.8	66.2	136.2	61.3	32619	MXRA-Z19-033111210210	273391.1866648283,2374843.75,275156.25,2380156.25	9.3	0.0	0	https://maxar-opendata.s3.amazonaws.com/events/Hurricane-Fiona-9-19-2022/ard/19/033111210210/2022-09-23/105001002ED01C00-visual.tif
2022-09-23 15:19:09+00:00	GE01	0.46	0.0.1	105001002ED01C00	19	033111210211	21.0	69.4	66.6	136.2	61.3	32619	MXRA-Z19-033111210211	274843.75,2374843.75,280156.25,2380156.25	28.2	8.9	31	https://maxar-opendata.s3.amazonaws.com/events/Hurricane-Fiona-9-19-2022/ard/19/033111210211/2022-09-23/105001002ED01C00-visual.tif
2022-09-23 15:19:09+00:00	GE01	0.46	0.0.1	105001002ED01C00	19	033111210300	20.7	69.0	66.9	136.2	61.3	32619	MXRA-Z19-033111210300	279843.75,2374843.75,283678.133030911,2380156.25	20.3	0.0	0	https://maxar-opendata.s3.amazonaws.com/events/Hurricane-Fiona-9-19-2022/ard/19/033111210300/2022-09-23/105001002ED01C00-visual.tif
2022-09-23 15:19:10+00:00	GE01	0.47	0.0.1	105001002ED01C00	19	033111210032	21.1	71.3	66.5	136.2	61.3	32619	MXRA-Z19-033111210032	273393.5449186985,2379843.75,275156.25,2380693.0907708355	1.4	0.0	0	https://maxar-opendata.s3.amazonaws.com/events/Hurricane-Fiona-9-19-2022/ard/19/033111210032/2022-09-23/105001002ED01C00-visual.tif
2022-09-23 15:19:10+00:00	GE01	0.46	0.0.1	105001002ED01C00	19	033111210033	20.8	71.0	66.9	136.2	61.3	32619	MXRA-Z19-033111210033	274843.75,2379843.75,280156.25,2380701.747949263	4.5	0.7	15	https://maxar-opendata.s3.amazonaws.com/events/Hurricane-Fiona-9-19-2022/ard/19/033111210033/2022-09-23/105001002ED01C00-visual.tif
2022-09-23 15:19:10+00:00	GE01	0.46	0.0.1	105001002ED01C00	19	033111210122	20.4	70.7	67.3	136.2	61.3	32619	MXRA-Z19-033111210122	279843.75,2379843.75,283677.32342104084,2380707.8502236716	3.2	0.0	0	https://maxar-opendata.s3.amazonaws.com/events/Hurricane-Fiona-9-19-2022/ard/19/033111210122/2022-09-23/105001002ED01C00-visual.tif
2022-09-25 14:46:52+00:00	GE01	0.75	0.0.1	105001002F010400	20	031111310122	42.3	118.9	41.7	153.2	41.2	32620	MXRA-Z20-031111310122	444304.9334091324,4940667.171078759,445156.25,4945156.25	2.7	0.0	0	https://maxar-opendata.s3.amazonaws.com/events/Hurricane-Fiona-9-19-2022/ard/20/031111310122/2022-09-25/105001002F010400-visual.tif
2022-09-25 14:46:52+00:00	GE01	0.74	0.0.1	105001002F010400	20	031111310123	42.2	119.3	41.9	153.2	41.2	32620	MXRA-Z20-031111310123	444843.75,4940673.360131131,450156.25,4945156.25	22.4	0.0	0	https://maxar-opendata.s3.amazonaws.com/events/Hurricane-Fiona-9-19-2022/ard/20/031111310123/2022-09-25/105001002F010400-visual.tif
2022-09-25 14:46:53+00:00	GE01	0.75	0.0.1	105001002F010400	20	031111310120	42.5	119.7	41.5	153.3	41.2	32620	MXRA-Z20-031111310120	443774.75691726856,4944843.75,445156.25,4950156.25	5.8	0.0	0	https://maxar-opendata.s3.amazonaws.com/events/Hurricane-Fiona-9-19-2022/ard/20/031111310120/2022-09-25/105001002F010400-visual.tif
2022-09-25 14:46:53+00:00	GE01	0.74	0.0.1	105001002F010400	20	031111310121	42.4	120.1	41.7	153.3	41.2	32620	MXRA-Z20-031111310121	444843.75,4944843.75,450156.25,4950156.25	28.2	0.0	0	https://maxar-opendata.s3.amazonaws.com/events/Hurricane-Fiona-9-19-2022/ard/20/031111310121/2022-09-25/105001002F010400-visual.tif
2022-09-25 14:46:53+00:00	GE01	0.74	0.0.1	105001002F010400	20	031111310130	42.2	120.5	41.9	153.3	41.2	32620	MXRA-Z20-031111310130	449843.75,4944843.75,455156.25,4950156.25	28.2	0.0	0	https://maxar-opendata.s3.amazonaws.com/events/Hurricane-Fiona-9-19-2022/ard/20/031111310130/2022-09-25/105001002F010400-visual.tif
2022-09-25 14:46:53+00:00	GE01	0.73	0.0.1	105001002F010400	20	031111310132	42.0	119.7	42.1	153.2	41.2	32620	MXRA-Z20-031111310132	449843.75,4941165.995385359,455156.25,4945156.25	19.8	0.0	0	https://maxar-opendata.s3.amazonaws.com/events/Hurricane-Fiona-9-19-2022/ard/20/031111310132/2022-09-25/105001002F010400-visual.tif
2022-09-25 14:46:53+00:00	GE01	0.73	0.0.1	105001002F010400	20	031111310133	41.9	120.0	42.3	153.3	41.2	32620	MXRA-Z20-031111310133	454843.75,4941658.6306395875,460156.25,4945156.25	17.1	0.0	0	https://maxar-opendata.s3.amazonaws.com/events/Hurricane-Fiona-9-19-2022/ard/20/031111310133/2022-09-25/105001002F010400-visual.tif
2022-09-25 14:46:53+00:00	GE01	0.72	0.0.1	105001002F010400	20	031111311022	41.7	120.4	42.5	153.3	41.2	32620	MXRA-Z20-031111311022	459843.75,4942151.265893815,465156.25,4945156.25	14.4	0.0	0	https://maxar-opendata.s3.amazonaws.com/events/Hurricane-Fiona-9-19-2022/ard/20/031111311022/2022-09-25/105001002F010400-visual.tif
2022-09-25 14:46:53+00:00	GE01	0.72	0.0.1	105001002F010400	20	031111311023	41.6	120.8	42.6	153.3	41.2	32620	MXRA-Z20-031111311023	464843.75,4942643.901148044,465180.32746833813,4945156.25	0.7	0.0	0	https://maxar-opendata.s3.amazonaws.com/events/Hurricane-Fiona-9-19-2022/ard/20/031111311023/2022-09-25/105001002F010400-visual.tif
2022-09-25 14:46:54+00:00	GE01	0.76	0.0.1	105001002F010400	20	031111310100	42.9	121.3	41.1	153.3	41.2	32620	MXRA-Z20-031111310100	443009.2281700034,4954843.75,445156.25,4957421.588759172	5.1	0.0	0	https://maxar-opendata.s3.amazonaws.com/events/Hurricane-Fiona-9-19-2022/ard/20/031111310100/2022-09-25/105001002F010400-visual.tif
2022-09-25 14:46:54+00:00	GE01	0.76	0.0.1	105001002F010400	20	031111310102	42.7	120.5	41.3	153.3	41.2	32620	MXRA-Z20-031111310102	443244.58042540465,4949843.75,445156.25,4955156.25	8.6	0.0	0	https://maxar-opendata.s3.amazonaws.com/events/Hurricane-Fiona-9-19-2022/ard/20/031111310102/2022-09-25/105001002F010400-visual.tif
2022-09-25 14:46:54+00:00	GE01	0.75	0.0.1	105001002F010400	20	031111310103	42.5	120.9	41.5	153.3	41.2	32620	MXRA-Z20-031111310103	444843.75,4949843.75,450156.25,4955156.25	28.2	0.0	0	https://maxar-opendata.s3.amazonaws.com/events/Hurricane-Fiona-9-19-2022/ard/20/031111310103/2022-09-25/105001002F010400-visual.tif
2022-09-25 14:46:54+00:00	GE01	0.74	0.0.1	105001002F010400	20	031111310112	42.4	121.3	41.6	153.3	41.2	32620	MXRA-Z20-031111310112	449843.75,4949843.75,455156.25,4955156.25	28.2	0.0	0	https://maxar-opendata.s3.amazonaws.com/events/Hurricane-Fiona-9-19-2022/ard/20/031111310112/2022-09-25/105001002F010400-visual.tif
2022-09-25 14:46:54+00:00	GE01	0.74	0.0.1	105001002F010400	20	031111310113	42.3	121.7	41.8	153.3	41.2	32620	MXRA-Z20-031111310113	454843.75,4949843.75,460156.25,4955156.25	28.2	0.0	0	https://maxar-opendata.s3.amazonaws.com/events/Hurricane-Fiona-9-19-2022/ard/20/031111310113/2022-09-25/105001002F010400-visual.tif
2022-09-25 14:46:54+00:00	GE01	0.73	0.0.1	105001002F010400	20	031111310131	42.1	120.9	42.0	153.3	41.2	32620	MXRA-Z20-031111310131	454843.75,4944843.75,460156.25,4950156.25	28.2	0.0	0	https://maxar-opendata.s3.amazonaws.com/events/Hurricane-Fiona-9-19-2022/ard/20/031111310131/2022-09-25/105001002F010400-visual.tif
2022-09-25 14:46:54+00:00	GE01	0.73	0.0.1	105001002F010400	20	031111311020	41.9	121.3	42.2	153.3	41.2	32620	MXRA-Z20-031111311020	459843.75,4944843.75,465087.1313290483,4950156.25	27.2	0.0	0	https://maxar-opendata.s3.amazonaws.com/events/Hurricane-Fiona-9-19-2022/ard/20/031111311020/2022-09-25/105001002F010400-visual.tif
2022-09-25 14:46:54+00:00	GE01	0.72	0.0.1	105001002F010400	20	031111311021	41.8	121.7	42.4	153.3	41.2	32620	MXRA-Z20-031111311021	464843.75,4944843.75,465087.1313290483,4950156.25	0.6	0.0	0	https://maxar-opendata.s3.amazonaws.com/events/Hurricane-Fiona-9-19-2022/ard/20/031111311021/2022-09-25/105001002F010400-visual.tif
2022-09-25 14:46:55+00:00	GE01	0.75	0.0.1	105001002F010400	20	031111310101	42.7	121.7	41.3	153.3	41.2	32620	MXRA-Z20-031111310101	444843.75,4954843.75,450156.25,4957528.186617895	13.9	0.0	0	https://maxar-opendata.s3.amazonaws.com/events/Hurricane-Fiona-9-19-2022/ard/20/031111310101/2022-09-25/105001002F010400-visual.tif
2022-09-25 14:46:55+00:00	GE01	0.75	0.0.1	105001002F010400	20	031111310110	42.6	122.1	41.4	153.3	41.1	32620	MXRA-Z20-031111310110	449843.75,4954843.75,455156.25,4957634.784476619	14.5	0.0	0	https://maxar-opendata.s3.amazonaws.com/events/Hurricane-Fiona-9-19-2022/ard/20/031111310110/2022-09-25/105001002F010400-visual.tif
2022-09-25 14:46:55+00:00	GE01	0.74	0.0.1	105001002F010400	20	031111310111	42.4	122.5	41.6	153.3	41.1	32620	MXRA-Z20-031111310111	454843.75,4954843.75,460156.25,4957741.3823353425	15.0	0.0	0	https://maxar-opendata.s3.amazonaws.com/events/Hurricane-Fiona-9-19-2022/ard/20/031111310111/2022-09-25/105001002F010400-visual.tif
2022-09-25 14:46:55+00:00	GE01	0.74	0.0.1	105001002F010400	20	031111311000	42.3	122.9	41.8	153.3	41.1	32620	MXRA-Z20-031111311000	459843.75,4954843.75,464656.9993117015,4957834.593710605	13.9	0.0	0	https://maxar-opendata.s3.amazonaws.com/events/Hurricane-Fiona-9-19-2022/ard/20/031111311000/2022-09-25/105001002F010400-visual.tif
2022-09-25 14:46:55+00:00	GE01	0.73	0.0.1	105001002F010400	20	031111311002	42.1	122.1	42.0	153.3	41.2	32620	MXRA-Z20-031111311002	459843.75,4949843.75,464872.0653203749,4955156.25	26.1	0.0	0	https://maxar-opendata.s3.amazonaws.com/events/Hurricane-Fiona-9-19-2022/ard/20/031111311002/2022-09-25/105001002F010400-visual.tif
2022-09-25 14:52:36+00:00	GE01	0.63	0.0.1	105001002F010700	19	122002330120	37.2	54.0	47.9	129.6	61.7	32619	MXRA-Z19-122002330120	759843.75,1986922.5600921428,762983.8355362958,1990156.25	9.6	0.6	6	https://maxar-opendata.s3.amazonaws.com/events/Hurricane-Fiona-9-19-2022/ard/19/122002330120/2022-09-25/105001002F010700-visual.tif
2022-09-25 14:52:37+00:00	GE01	0.65	0.0.1	105001002F010700	19	122002321131	37.8	55.7	47.2	129.7	61.7	32619	MXRA-Z19-122002321131	737813.4072186621,1988633.8492552997,740156.25,1990156.25	3.3	0.0	0	https://maxar-opendata.s3.amazonaws.com/events/Hurricane-Fiona-9-19-2022/ard/19/122002321131/2022-09-25/105001002F010700-visual.tif
2022-09-25 14:52:37+00:00	GE01	0.63	0.0.1	105001002F010700	19	122002330013	37.0	55.0	48.2	129.7	61.7	32619	MXRA-Z19-122002330013	754843.75,1989843.75,760156.25,1995156.25	28.2	7.4	26	https://maxar-opendata.s3.amazonaws.com/events/Hurricane-Fiona-9-19-2022/ard/19/122002330013/2022-09-25/105001002F010700-visual.tif
2022-09-25 14:52:37+00:00	GE01	0.64	0.0.1	105001002F010700	19	122002330020	37.8	55.4	47.3	129.7	61.7	32619	MXRA-Z19-122002330020	739843.75,1988259.02004692,745156.25,1990156.25	9.0	0.1	1	https://maxar-opendata.s3.amazonaws.com/events/Hurricane-Fiona-9-19-2022/ard/19/122002330020/2022-09-25/105001002F010700-visual.tif
2022-09-25 14:52:37+00:00	GE01	0.64	0.0.1	105001002F010700	19	122002330021	37.6	55.0	47.4	129.7	61.7	32619	MXRA-Z19-122002330021	744843.75,1987884.1908385407,750156.25,1990156.25	11.0	0.1	1	https://maxar-opendata.s3.amazonaws.com/events/Hurricane-Fiona-9-19-2022/ard/19/122002330021/2022-09-25/105001002F010700-visual.tif
2022-09-25 14:52:37+00:00	GE01	0.64	0.0.1	105001002F010700	19	122002330030	37.5	54.6	47.6	129.7	61.7	32619	MXRA-Z19-122002330030	749843.75,1987509.3616301613,755156.25,1990156.25	13.0	0.0	0	https://maxar-opendata.s3.amazonaws.com/events/Hurricane-Fiona-9-19-2022/ard/19/122002330030/2022-09-25/105001002F010700-visual.tif
2022-09-25 14:52:37+00:00	GE01	0.63	0.0.1	105001002F010700	19	122002330031	37.4	54.2	47.8	129.6	61.7	32619	MXRA-Z19-122002330031	754843.75,1987134.5324217817,760156.25,1990156.25	14.9	0.0	0	https://maxar-opendata.s3.amazonaws.com/events/Hurricane-Fiona-9-19-2022/ard/19/122002330031/2022-09-25/105001002F010700-visual.tif
2022-09-25 14:52:37+00:00	GE01	0.62	0.0.1	105001002F010700	19	122002330102	36.9	54.7	48.3	129.7	61.7	32619	MXRA-Z19-122002330102	759843.75,1989843.75,762899.4750976562,1995156.25	15.8	3.9	24	https://maxar-opendata.s3.amazonaws.com/events/Hurricane-Fiona-9-19-2022/ard/19/122002330102/2022-09-25/105001002F010700-visual.tif
2022-09-25 14:52:38+00:00	GE01	0.64	0.0.1	105001002F010700	19	122002321113	37.5	56.5	47.6	129.8	61.7	32619	MXRA-Z19-122002321113	737819.82421875,1989843.75,740156.25,1995156.25	12.1	4.6	38	https://maxar-opendata.s3.amazonaws.com/events/Hurricane-Fiona-9-19-2022/ard/19/122002321113/2022-09-25/105001002F010700-visual.tif
2022-09-25 14:52:38+00:00	GE01	0.64	0.0.1	105001002F010700	19	122002330002	37.5	56.2	47.6	129.7	61.7	32619	MXRA-Z19-122002330002	739843.75,1989843.75,745156.25,1995156.25	28.2	10.8	38	https://maxar-opendata.s3.amazonaws.com/events/Hurricane-Fiona-9-19-2022/ard/19/122002330002/2022-09-25/105001002F010700-visual.tif
2022-09-25 14:52:38+00:00	GE01	0.63	0.0.1	105001002F010700	19	122002330003	37.3	55.8	47.8	129.7	61.7	32619	MXRA-Z19-122002330003	744843.75,1989843.75,750156.25,1995156.25	28.2	10.6	37	https://maxar-opendata.s3.amazonaws.com/events/Hurricane-Fiona-9-19-2022/ard/19/122002330003/2022-09-25/105001002F010700-visual.tif
2022-09-25 14:52:38+00:00	GE01	0.62	0.0.1	105001002F010700	19	122002330011	36.7	55.9	48.6	129.7	61.7	32619	MXRA-Z19-122002330011	754843.75,1994843.75,760156.25,1999298.9495334157	23.0	8.9	38	https://maxar-opendata.s3.amazonaws.com/events/Hurricane-Fiona-9-19-2022/ard/19/122002330011/2022-09-25/105001002F010700-visual.tif
2022-09-25 14:52:38+00:00	GE01	0.63	0.0.1	105001002F010700	19	122002330012	37.2	55.4	48.0	129.7	61.7	32619	MXRA-Z19-122002330012	749843.75,1989843.75,755156.25,1995156.25	28.2	10.2	36	https://maxar-opendata.s3.amazonaws.com/events/Hurricane-Fiona-9-19-2022/ard/19/122002330012/2022-09-25/105001002F010700-visual.tif
2022-09-25 14:52:38+00:00	GE01	0.62	0.0.1	105001002F010700	19	122002330100	36.6	55.6	48.7	129.7	61.7	32619	MXRA-Z19-122002330100	759843.75,1994843.75,762816.162109375,1999079.3395743142	12.0	5.6	46	https://maxar-opendata.s3.amazonaws.com/events/Hurricane-Fiona-9-19-2022/ard/19/122002330100/2022-09-25/105001002F010700-visual.tif
2022-09-25 14:52:39+00:00	GE01	0.63	0.0.1	105001002F010700	19	122002303333	37.1	57.7	48.1	129.8	61.7	32619	MXRA-Z19-122002303333	738153.3813476562,1999843.75,740156.25,2000029.266911249	0.2	0.0	7	https://maxar-opendata.s3.amazonaws.com/events/Hurricane-Fiona-9-19-2022/ard/19/122002303333/2022-09-25/105001002F010700-visual.tif
2022-09-25 14:52:39+00:00	GE01	0.63	0.0.1	105001002F010700	19	122002321111	37.2	57.4	48.0	129.8	61.7	32619	MXRA-Z19-122002321111	737858.5815429688,1994843.75,740156.25,2000029.5217951566	11.2	2.8	25	https://maxar-opendata.s3.amazonaws.com/events/Hurricane-Fiona-9-19-2022/ard/19/122002321111/2022-09-25/105001002F010700-visual.tif
2022-09-25 14:52:39+00:00	GE01	0.63	0.0.1	105001002F010700	19	122002330000	37.1	57.1	48.0	129.8	61.7	32619	MXRA-Z19-122002330000	739843.75,1994843.75,745156.25,1999957.7794107208	26.5	8.2	31	https://maxar-opendata.s3.amazonaws.com/events/Hurricane-Fiona-9-19-2022/ard/19/122002330000/2022-09-25/105001002F010700-visual.tif
2022-09-25 14:52:39+00:00	GE01	0.63	0.0.1	105001002F010700	19	122002330001	37.0	56.7	48.2	129.8	61.7	32619	MXRA-Z19-122002330001	744843.75,1994843.75,750156.25,1999738.169451619	25.3	8.2	32	https://maxar-opendata.s3.amazonaws.com/events/Hurricane-Fiona-9-19-2022/ard/19/122002330001/2022-09-25/105001002F010700-visual.tif
2022-09-25 14:52:39+00:00	GE01	0.62	0.0.1	105001002F010700	19	122002330010	36.8	56.3	48.4	129.8	61.7	32619	MXRA-Z19-122002330010	749843.75,1994843.75,755156.25,1999518.5594925175	24.2	10.5	43	https://maxar-opendata.s3.amazonaws.com/events/Hurricane-Fiona-9-19-2022/ard/19/122002330010/2022-09-25/105001002F010700-visual.tif
2022-09-25 14:53:48+00:00	GE01	0.54	0.0.1	105001002F010900	19	122002321121	30.3	113.4	56.1	129.9	61.8	32619	MXRA-Z19-122002321121	728799.8330412644,1989383.5076720584,730156.25,1990156.25	0.9	0.0	0	https://maxar-opendata.s3.amazonaws.com/events/Hurricane-Fiona-9-19-2022/ard/19/122002321121/2022-09-25/105001002F010900-visual.tif
2022-09-25 14:53:48+00:00	GE01	0.54	0.0.1	105001002F010900	19	122002321130	30.1	113.6	56.2	129.9	61.8	32619	MXRA-Z19-122002321130	729843.75,1989008.678463679,735156.25,1990156.25	5.0	0.0	0	https://maxar-opendata.s3.amazonaws.com/events/Hurricane-Fiona-9-19-2022/ard/19/122002321130/2022-09-25/105001002F010900-visual.tif
2022-09-25 14:53:48+00:00	GE01	0.53	0.0.1	105001002F010900	19	122002321131	29.8	113.9	56.6	129.9	61.8	32619	MXRA-Z19-122002321131	734843.75,1988633.8492552997,740156.25,1990156.25	7.0	0.2	3	https://maxar-opendata.s3.amazonaws.com/events/Hurricane-Fiona-9-19-2022/ard/19/122002321131/2022-09-25/105001002F010900-visual.tif
2022-09-25 14:53:48+00:00	GE01	0.53	0.0.1	105001002F010900	19	122002330020	29.6	114.2	56.9	129.9	61.8	32619	MXRA-Z19-122002330020	739843.75,1988259.02004692,745156.25,1990156.25	9.0	0.0	0	https://maxar-opendata.s3.amazonaws.com/events/Hurricane-Fiona-9-19-2022/ard/19/122002330020/2022-09-25/105001002F010900-visual.tif
2022-09-25 14:53:48+00:00	GE01	0.52	0.0.1	105001002F010900	19	122002330021	29.3	114.6	57.1	129.9	61.8	32619	MXRA-Z19-122002330021	744843.75,1987951.5584016733,749257.606542839,1990156.25	8.9	0.0	0	https://maxar-opendata.s3.amazonaws.com/events/Hurricane-Fiona-9-19-2022/ard/19/122002330021/2022-09-25/105001002F010900-visual.tif
2022-09-25 14:53:49+00:00	GE01	0.54	0.0.1	105001002F010900	19	122002321103	30.4	114.7	55.9	129.9	61.8	32619	MXRA-Z19-122002321103	728910.1528356543,1989843.75,730156.25,1993893.7697459343	2.5	0.0	0	https://maxar-opendata.s3.amazonaws.com/events/Hurricane-Fiona-9-19-2022/ard/19/122002321103/2022-09-25/105001002F010900-visual.tif
2022-09-25 14:53:49+00:00	GE01	0.54	0.0.1	105001002F010900	19	122002321112	30.3	115.0	56.0	129.9	61.8	32619	MXRA-Z19-122002321112	729843.75,1989843.75,735156.25,1995156.25	27.4	4.1	15	https://maxar-opendata.s3.amazonaws.com/events/Hurricane-Fiona-9-19-2022/ard/19/122002321112/2022-09-25/105001002F010900-visual.tif
2022-09-25 14:53:49+00:00	GE01	0.53	0.0.1	105001002F010900	19	122002321113	30.0	115.4	56.3	129.9	61.8	32619	MXRA-Z19-122002321113	734843.75,1989843.75,740156.25,1995156.25	28.2	6.9	24	https://maxar-opendata.s3.amazonaws.com/events/Hurricane-Fiona-9-19-2022/ard/19/122002321113/2022-09-25/105001002F010900-visual.tif
2022-09-25 14:53:49+00:00	GE01	0.53	0.0.1	105001002F010900	19	122002330002	29.8	115.8	56.6	129.9	61.8	32619	MXRA-Z19-122002330002	739843.75,1989843.75,745156.25,1995156.25	28.2	7.6	27	https://maxar-opendata.s3.amazonaws.com/events/Hurricane-Fiona-9-19-2022/ard/19/122002330002/2022-09-25/105001002F010900-visual.tif
2022-09-25 14:53:49+00:00	GE01	0.53	0.0.1	105001002F010900	19	122002330003	29.6	116.2	56.9	129.9	61.8	32619	MXRA-Z19-122002330003	744843.75,1989843.75,749240.72265625,1995156.25	23.3	5.3	23	https://maxar-opendata.s3.amazonaws.com/events/Hurricane-Fiona-9-19-2022/ard/19/122002330003/2022-09-25/105001002F010900-visual.tif
2022-09-25 14:53:50+00:00	GE01	0.54	0.0.1	105001002F010900	19	122002303332	30.7	117.8	55.5	130.0	61.8	32619	MXRA-Z19-122002303332	731986.9209565916,1999843.75,735156.25,2000296.7453134065	1.2	0.2	20	https://maxar-opendata.s3.amazonaws.com/events/Hurricane-Fiona-9-19-2022/ard/19/122002303332/2022-09-25/105001002F010900-visual.tif
2022-09-25 14:53:50+00:00	GE01	0.54	0.0.1	105001002F010900	19	122002303333	30.5	118.2	55.8	130.0	61.8	32619	MXRA-Z19-122002303333	734843.75,1999843.75,740156.25,2000177.3893698223	1.1	0.0	8	https://maxar-opendata.s3.amazonaws.com/events/Hurricane-Fiona-9-19-2022/ard/19/122002303333/2022-09-25/105001002F010900-visual.tif
2022-09-25 14:53:50+00:00	GE01	0.54	0.0.1	105001002F010900	19	122002321110	30.5	116.6	55.8	130.0	61.8	32619	MXRA-Z19-122002321110	730448.536896123,1994843.75,735156.25,2000156.25	20.6	9.6	46	https://maxar-opendata.s3.amazonaws.com/events/Hurricane-Fiona-9-19-2022/ard/19/122002321110/2022-09-25/105001002F010900-visual.tif
2022-09-25 14:53:50+00:00	GE01	0.54	0.0.1	105001002F010900	19	122002321111	30.3	117.0	56.0	130.0	61.8	32619	MXRA-Z19-122002321111	734843.75,1994843.75,740156.25,2000156.25	27.7	7.1	25	https://maxar-opendata.s3.amazonaws.com/events/Hurricane-Fiona-9-19-2022/ard/19/122002321111/2022-09-25/105001002F010900-visual.tif
2022-09-25 14:53:50+00:00	GE01	0.53	0.0.1	105001002F010900	19	122002330000	30.0	117.4	56.3	130.0	61.8	32619	MXRA-Z19-122002330000	739843.75,1994843.75,745156.25,1999957.7794107208	26.5	11.0	41	https://maxar-opendata.s3.amazonaws.com/events/Hurricane-Fiona-9-19-2022/ard/19/122002330000/2022-09-25/105001002F010900-visual.tif
2022-09-25 14:53:50+00:00	GE01	0.53	0.0.1	105001002F010900	19	122002330001	29.8	117.9	56.6	130.0	61.8	32619	MXRA-Z19-122002330001	744843.75,1994843.75,749283.2893557429,1999738.169451619	21.0	9.4	44	https://maxar-opendata.s3.amazonaws.com/events/Hurricane-Fiona-9-19-2022/ard/19/122002330001/2022-09-25/105001002F010900-visual.tif
2022-09-26 15:27:25+00:00	GE01	0.68	0.0.1	105001002F064B00	19	033113311103	40.0	346.2	44.5	142.1	65.2	32619	MXRA-Z19-033113311103	489546.9204184092,2073020.795466308,490156.25,2075156.25	1.1	0.7	67	https://maxar-opendata.s3.amazonaws.com/events/Hurricane-Fiona-9-19-2022/ard/19/033113311103/2022-09-26/105001002F064B00-visual.tif
2022-09-26 15:27:26+00:00	GE01	0.67	0.0.1	105001002F064B00	19	033113311101	39.7	345.9	45.0	142.1	65.1	32619	MXRA-Z19-033113311101	489661.4602982159,2074843.75,490156.25,2080156.25	1.7	1.4	86	https://maxar-opendata.s3.amazonaws.com/events/Hurricane-Fiona-9-19-2022/ard/19/033113311101/2022-09-26/105001002F064B00-visual.tif
2022-09-26 15:27:26+00:00	GE01	0.67	0.0.1	105001002F064B00	19	033113311110	39.6	345.5	45.0	142.2	65.0	32619	MXRA-Z19-033113311110	489843.75,2074843.75,495156.25,2080156.25	28.0	19.3	68	https://maxar-opendata.s3.amazonaws.com/events/Hurricane-Fiona-9-19-2022/ard/19/033113311110/2022-09-26/105001002F064B00-visual.tif
2022-09-26 15:27:26+00:00	GE01	0.68	0.0.1	105001002F064B00	19	033113311111	39.7	345.0	45.0	142.2	65.0	32619	MXRA-Z19-033113311111	494843.75,2074843.75,500156.25,2080156.25	28.2	23.1	82	https://maxar-opendata.s3.amazonaws.com/events/Hurricane-Fiona-9-19-2022/ard/19/033113311111/2022-09-26/105001002F064B00-visual.tif
2022-09-26 15:27:26+00:00	GE01	0.68	0.0.1	105001002F064B00	19	033113311112	40.0	345.8	44.5	142.1	65.2	32619	MXRA-Z19-033113311112	489843.75,2072696.2118928796,495156.25,2075156.25	12.1	8.9	73	https://maxar-opendata.s3.amazonaws.com/events/Hurricane-Fiona-9-19-2022/ard/19/033113311112/2022-09-26/105001002F064B00-visual.tif
2022-09-26 15:27:26+00:00	GE01	0.68	0.0.1	105001002F064B00	19	033113311113	40.0	345.4	44.5	142.1	65.1	32619	MXRA-Z19-033113311113	494843.75,2072371.6283194514,500156.25,2075156.25	13.8	11.7	84	https://maxar-opendata.s3.amazonaws.com/events/Hurricane-Fiona-9-19-2022/ard/19/033113311113/2022-09-26/105001002F064B00-visual.tif
2022-09-26 15:27:26+00:00	GE01	0.69	0.0.1	105001002F064B00	19	122002200002	40.1	344.9	44.5	142.1	65.1	32619	MXRA-Z19-122002200002	499843.75,2072047.044746023,505156.25,2075156.25	15.6	10.9	70	https://maxar-opendata.s3.amazonaws.com/events/Hurricane-Fiona-9-19-2022/ard/19/122002200002/2022-09-26/105001002F064B00-visual.tif
2022-09-26 15:27:26+00:00	GE01	0.69	0.0.1	105001002F064B00	19	122002200003	40.1	344.4	44.5	142.1	65.1	32619	MXRA-Z19-122002200003	504843.75,2071770.4510249796,509416.9973650293,2075156.25	14.7	10.4	70	https://maxar-opendata.s3.amazonaws.com/events/Hurricane-Fiona-9-19-2022/ard/19/122002200003/2022-09-26/105001002F064B00-visual.tif
2022-09-26 15:27:27+00:00	GE01	0.67	0.0.1	105001002F064B00	19	033113133323	39.3	345.5	45.4	142.2	65.0	32619	MXRA-Z19-033113133323	489982.5883487991,2079843.75,490156.25,2082547.6815140098	0.2	0.0	19	https://maxar-opendata.s3.amazonaws.com/events/Hurricane-Fiona-9-19-2022/ard/19/033113133323/2022-09-26/105001002F064B00-visual.tif
2022-09-26 15:27:27+00:00	GE01	0.67	0.0.1	105001002F064B00	19	033113133332	39.3	345.2	45.5	142.2	65.0	32619	MXRA-Z19-033113133332	489982.5883487991,2079843.75,495156.25,2085156.25	26.5	12.4	46	https://maxar-opendata.s3.amazonaws.com/events/Hurricane-Fiona-9-19-2022/ard/19/033113133332/2022-09-26/105001002F064B00-visual.tif
2022-09-26 15:27:27+00:00	GE01	0.67	0.0.1	105001002F064B00	19	033113133333	39.3	344.7	45.4	142.2	65.0	32619	MXRA-Z19-033113133333	494843.75,2079843.75,500156.25,2085156.25	28.2	19.7	70	https://maxar-opendata.s3.amazonaws.com/events/Hurricane-Fiona-9-19-2022/ard/19/033113133333/2022-09-26/105001002F064B00-visual.tif
2022-09-26 15:27:27+00:00	GE01	0.67	0.0.1	105001002F064B00	19	122002022222	39.3	344.2	45.4	142.2	65.0	32619	MXRA-Z19-122002022222	499843.75,2079843.75,505156.25,2085156.25	28.2	15.3	54	https://maxar-opendata.s3.amazonaws.com/events/Hurricane-Fiona-9-19-2022/ard/19/122002022222/2022-09-26/105001002F064B00-visual.tif
2022-09-26 15:27:27+00:00	GE01	0.67	0.0.1	105001002F064B00	19	122002022223	39.3	343.7	45.4	142.2	65.0	32619	MXRA-Z19-122002022223	504843.75,2079843.75,509286.4990234375,2085156.25	23.2	7.2	31	https://maxar-opendata.s3.amazonaws.com/events/Hurricane-Fiona-9-19-2022/ard/19/122002022223/2022-09-26/105001002F064B00-visual.tif
2022-09-26 15:27:27+00:00	GE01	0.68	0.0.1	105001002F064B00	19	122002200000	39.7	344.5	45.0	142.2	65.0	32619	MXRA-Z19-122002200000	499843.75,2074843.75,505156.25,2080156.25	28.2	16.8	59	https://maxar-opendata.s3.amazonaws.com/events/Hurricane-Fiona-9-19-2022/ard/19/122002200000/2022-09-26/105001002F064B00-visual.tif
2022-09-26 15:27:27+00:00	GE01	0.68	0.0.1	105001002F064B00	19	122002200001	39.7	344.1	45.0	142.2	65.0	32619	MXRA-Z19-122002200001	504843.75,2074843.75,509371.337890625,2080156.25	23.8	12.3	51	https://maxar-opendata.s3.amazonaws.com/events/Hurricane-Fiona-9-19-2022/ard/19/122002200001/2022-09-26/105001002F064B00-visual.tif
2022-09-26 15:27:28+00:00	GE01	0.65	0.0.1	105001002F064B00	19	033113133312	38.5	344.5	46.4	142.3	65.0	32619	MXRA-Z19-033113133312	490624.8444499655,2089843.75,495156.25,2095156.25	23.1	17.4	75	https://maxar-opendata.s3.amazonaws.com/events/Hurricane-Fiona-9-19-2022/ard/19/033113133312/2022-09-26/105001002F064B00-visual.tif
2022-09-26 15:27:28+00:00	GE01	0.65	0.0.1	105001002F064B00	19	033113133313	38.5	344.0	46.4	142.3	65.0	32619	MXRA-Z19-033113133313	494843.75,2089843.75,500156.25,2095156.25	28.2	17.2	61	https://maxar-opendata.s3.amazonaws.com/events/Hurricane-Fiona-9-19-2022/ard/19/033113133313/2022-09-26/105001002F064B00-visual.tif
2022-09-26 15:27:28+00:00	GE01	0.66	0.0.1	105001002F064B00	19	033113133330	38.9	344.9	46.0	142.3	65.0	32619	MXRA-Z19-033113133330	490303.71639938233,2084843.75,495156.25,2090156.25	24.8	14.1	57	https://maxar-opendata.s3.amazonaws.com/events/Hurricane-Fiona-9-19-2022/ard/19/033113133330/2022-09-26/105001002F064B00-visual.tif
2022-09-26 15:27:28+00:00	GE01	0.66	0.0.1	105001002F064B00	19	033113133331	38.9	344.4	45.9	142.3	65.0	32619	MXRA-Z19-033113133331	494843.75,2084843.75,500156.25,2090156.25	28.2	12.5	44	https://maxar-opendata.s3.amazonaws.com/events/Hurricane-Fiona-9-19-2022/ard/19/033113133331/2022-09-26/105001002F064B00-visual.tif
2022-09-26 15:27:28+00:00	GE01	0.66	0.0.1	105001002F064B00	19	122002022220	38.9	343.8	45.9	142.3	65.0	32619	MXRA-Z19-122002022220	499843.75,2084843.75,505156.25,2090156.25	28.2	15.6	55	https://maxar-opendata.s3.amazonaws.com/events/Hurricane-Fiona-9-19-2022/ard/19/122002022220/2022-09-26/105001002F064B00-visual.tif
2022-09-26 15:27:28+00:00	GE01	0.66	0.0.1	105001002F064B00	19	122002022221	38.9	343.4	45.9	142.3	65.0	32619	MXRA-Z19-122002022221	504843.75,2084843.75,509202.880859375,2090156.25	22.9	7.9	34	https://maxar-opendata.s3.amazonaws.com/events/Hurricane-Fiona-9-19-2022/ard/19/122002022221/2022-09-26/105001002F064B00-visual.tif
2022-09-26 15:27:29+00:00	GE01	0.64	0.0.1	105001002F064B00	19	033113133310	38.0	344.1	46.9	142.3	65.0	32619	MXRA-Z19-033113133310	490945.97250054876,2094843.75,495156.25,2100156.25	21.4	6.1	28	https://maxar-opendata.s3.amazonaws.com/events/Hurricane-Fiona-9-19-2022/ard/19/033113133310/2022-09-26/105001002F064B00-visual.tif
2022-09-26 15:27:29+00:00	GE01	0.65	0.0.1	105001002F064B00	19	033113133311	38.0	343.6	46.9	142.3	65.0	32619	MXRA-Z19-033113133311	494843.75,2094843.75,500156.25,2100156.25	28.2	4.2	15	https://maxar-opendata.s3.amazonaws.com/events/Hurricane-Fiona-9-19-2022/ard/19/033113133311/2022-09-26/105001002F064B00-visual.tif
2022-09-26 15:27:29+00:00	GE01	0.65	0.0.1	105001002F064B00	19	122002022200	38.1	343.1	46.9	142.4	65.0	32619	MXRA-Z19-122002022200	499843.75,2094843.75,505156.25,2100156.25	28.2	3.8	13	https://maxar-opendata.s3.amazonaws.com/events/Hurricane-Fiona-9-19-2022/ard/19/122002022200/2022-09-26/105001002F064B00-visual.tif
2022-09-26 15:27:29+00:00	GE01	0.65	0.0.1	105001002F064B00	19	122002022201	38.1	342.6	46.9	142.4	65.0	32619	MXRA-Z19-122002022201	504843.75,2094843.75,509097.59521484375,2100156.25	22.4	3.8	17	https://maxar-opendata.s3.amazonaws.com/events/Hurricane-Fiona-9-19-2022/ard/19/122002022201/2022-09-26/105001002F064B00-visual.tif
2022-09-26 15:27:29+00:00	GE01	0.65	0.0.1	105001002F064B00	19	122002022202	38.5	343.5	46.4	142.3	65.0	32619	MXRA-Z19-122002022202	499843.75,2089843.75,505156.25,2095156.25	28.2	15.4	54	https://maxar-opendata.s3.amazonaws.com/events/Hurricane-Fiona-9-19-2022/ard/19/122002022202/2022-09-26/105001002F064B00-visual.tif
2022-09-26 15:27:29+00:00	GE01	0.66	0.0.1	105001002F064B00	19	122002022203	38.5	343.0	46.4	142.3	65.0	32619	MXRA-Z19-122002022203	504843.75,2089843.75,509143.37158203125,2095156.25	22.6	9.7	43	https://maxar-opendata.s3.amazonaws.com/events/Hurricane-Fiona-9-19-2022/ard/19/122002022203/2022-09-26/105001002F064B00-visual.tif
2022-09-26 15:27:30+00:00	GE01	0.64	0.0.1	105001002F064B00	19	033113133132	37.6	343.8	47.5	142.4	65.0	32619	MXRA-Z19-033113133132	491267.100551132,2099843.75,495156.25,2102208.555905798	8.6	0.0	1	https://maxar-opendata.s3.amazonaws.com/events/Hurricane-Fiona-9-19-2022/ard/19/033113133132/2022-09-26/105001002F064B00-visual.tif
2022-09-26 15:27:30+00:00	GE01	0.64	0.0.1	105001002F064B00	19	033113133133	37.6	343.2	47.4	142.4	65.0	32619	MXRA-Z19-033113133133	494843.75,2099843.75,500156.25,2102006.910237712	10.6	1.6	15	https://maxar-opendata.s3.amazonaws.com/events/Hurricane-Fiona-9-19-2022/ard/19/033113133133/2022-09-26/105001002F064B00-visual.tif
2022-09-26 15:27:30+00:00	GE01	0.64	0.0.1	105001002F064B00	19	122002022022	37.7	342.7	47.4	142.4	65.0	32619	MXRA-Z19-122002022022	499843.75,2099843.75,505156.25,2101712.5170880603	9.0	1.0	11	https://maxar-opendata.s3.amazonaws.com/events/Hurricane-Fiona-9-19-2022/ard/19/122002022022/2022-09-26/105001002F064B00-visual.tif
2022-09-26 15:27:30+00:00	GE01	0.64	0.0.1	105001002F064B00	19	122002022023	37.7	342.2	47.3	142.4	65.0	32619	MXRA-Z19-122002022023	504843.75,2099843.75,509049.072265625,2101418.123938408	6.0	0.1	2	https://maxar-opendata.s3.amazonaws.com/events/Hurricane-Fiona-9-19-2022/ard/19/122002022023/2022-09-26/105001002F064B00-visual.tif
2022-09-26 15:27:47+00:00	GE01	0.59	0.0.1	105001002F064C00	19	122002200003	34.3	336.1	51.3	142.6	65.3	32619	MXRA-Z19-122002200003	506172.6197678286,2071722.4611725945,510156.25,2075156.25	13.1	10.4	79	https://maxar-opendata.s3.amazonaws.com/events/Hurricane-Fiona-9-19-2022/ard/19/122002200003/2022-09-26/105001002F064C00-visual.tif
2022-09-26 15:27:47+00:00	GE01	0.59	0.0.1	105001002F064C00	19	122002200012	34.4	335.6	51.2	142.6	65.3	32619	MXRA-Z19-122002200012	509843.75,2071452.2396195256,514520.33831526135,2075156.25	16.2	10.8	66	https://maxar-opendata.s3.amazonaws.com/events/Hurricane-Fiona-9-19-2022/ard/19/122002200012/2022-09-26/105001002F064C00-visual.tif
2022-09-26 15:27:48+00:00	GE01	0.58	0.0.1	105001002F064C00	19	122002200001	33.9	335.5	51.8	142.7	65.2	32619	MXRA-Z19-122002200001	506206.0546875,2074843.75,510156.25,2080156.25	20.8	10.9	52	https://maxar-opendata.s3.amazonaws.com/events/Hurricane-Fiona-9-19-2022/ard/19/122002200001/2022-09-26/105001002F064C00-visual.tif
2022-09-26 15:27:48+00:00	GE01	0.58	0.0.1	105001002F064C00	19	122002200010	33.9	334.9	51.8	142.7	65.2	32619	MXRA-Z19-122002200010	509843.75,2074843.75,514792.3408955789,2080156.25	25.5	9.1	35	https://maxar-opendata.s3.amazonaws.com/events/Hurricane-Fiona-9-19-2022/ard/19/122002200010/2022-09-26/105001002F064C00-visual.tif
2022-09-26 15:27:49+00:00	GE01	0.57	0.0.1	105001002F064C00	19	122002022223	33.4	334.8	52.4	142.7	65.2	32619	MXRA-Z19-122002022223	506233.5205078125,2079843.75,510156.25,2085156.25	20.6	6.0	29	https://maxar-opendata.s3.amazonaws.com/events/Hurricane-Fiona-9-19-2022/ard/19/122002022223/2022-09-26/105001002F064C00-visual.tif
2022-09-26 15:27:49+00:00	GE01	0.57	0.0.1	105001002F064C00	19	122002022232	33.4	334.2	52.4	142.7	65.2	32619	MXRA-Z19-122002022232	509843.75,2079843.75,515064.3434758964,2085156.25	26.9	4.8	17	https://maxar-opendata.s3.amazonaws.com/events/Hurricane-Fiona-9-19-2022/ard/19/122002022232/2022-09-26/105001002F064C00-visual.tif
2022-09-26 15:27:49+00:00	GE01	0.58	0.0.1	105001002F064C00	19	122002022233	33.5	333.6	52.3	142.7	65.2	32619	MXRA-Z19-122002022233	514843.75,2081101.2613370449,515064.3434758964,2085156.25	0.4	0.0	18	https://maxar-opendata.s3.amazonaws.com/events/Hurricane-Fiona-9-19-2022/ard/19/122002022233/2022-09-26/105001002F064C00-visual.tif
2022-09-26 15:27:50+00:00	GE01	0.56	0.0.1	105001002F064C00	19	122002022203	32.4	333.3	53.5	142.8	65.2	32619	MXRA-Z19-122002022203	506300.6591796875,2089843.75,510156.25,2095156.25	20.0	7.4	37	https://maxar-opendata.s3.amazonaws.com/events/Hurricane-Fiona-9-19-2022/ard/19/122002022203/2022-09-26/105001002F064C00-visual.tif
2022-09-26 15:27:50+00:00	GE01	0.57	0.0.1	105001002F064C00	19	122002022221	32.9	334.1	53.0	142.8	65.2	32619	MXRA-Z19-122002022221	506212.158203125,2084843.75,510156.25,2090156.25	20.5	5.1	24	https://maxar-opendata.s3.amazonaws.com/events/Hurricane-Fiona-9-19-2022/ard/19/122002022221/2022-09-26/105001002F064C00-visual.tif
2022-09-26 15:27:50+00:00	GE01	0.57	0.0.1	105001002F064C00	19	122002022230	33.0	333.5	52.9	142.8	65.2	32619	MXRA-Z19-122002022230	509843.75,2084843.75,515156.25,2090156.25	28.1	8.4	30	https://maxar-opendata.s3.amazonaws.com/events/Hurricane-Fiona-9-19-2022/ard/19/122002022230/2022-09-26/105001002F064C00-visual.tif
2022-09-26 15:27:50+00:00	GE01	0.57	0.0.1	105001002F064C00	19	122002022231	33.0	332.9	52.8	142.8	65.2	32619	MXRA-Z19-122002022231	514843.75,2084843.75,515336.34605621395,2090156.25	1.8	0.7	42	https://maxar-opendata.s3.amazonaws.com/events/Hurricane-Fiona-9-19-2022/ard/19/122002022231/2022-09-26/105001002F064C00-visual.tif
2022-09-26 15:27:51+00:00	GE01	0.55	0.0.1	105001002F064C00	19	122002022201	31.9	332.5	54.1	142.8	65.2	32619	MXRA-Z19-122002022201	506430.6640625,2094843.75,510156.25,2100156.25	19.6	4.4	22	https://maxar-opendata.s3.amazonaws.com/events/Hurricane-Fiona-9-19-2022/ard/19/122002022201/2022-09-26/105001002F064C00-visual.tif
2022-09-26 15:27:51+00:00	GE01	0.56	0.0.1	105001002F064C00	19	122002022210	32.0	331.9	54.1	142.9	65.1	32619	MXRA-Z19-122002022210	509843.75,2094843.75,515156.25,2100156.25	28.2	5.9	21	https://maxar-opendata.s3.amazonaws.com/events/Hurricane-Fiona-9-19-2022/ard/19/122002022210/2022-09-26/105001002F064C00-visual.tif
2022-09-26 15:27:51+00:00	GE01	0.56	0.0.1	105001002F064C00	19	122002022212	32.5	332.7	53.5	142.8	65.2	32619	MXRA-Z19-122002022212	509843.75,2089843.75,515156.25,2095156.25	28.2	12.1	42	https://maxar-opendata.s3.amazonaws.com/events/Hurricane-Fiona-9-19-2022/ard/19/122002022212/2022-09-26/105001002F064C00-visual.tif
2022-09-26 15:27:51+00:00	GE01	0.56	0.0.1	105001002F064C00	19	122002022213	32.6	332.1	53.4	142.8	65.2	32619	MXRA-Z19-122002022213	514843.75,2089843.75,515608.3486365315,2095156.25	3.2	1.5	47	https://maxar-opendata.s3.amazonaws.com/events/Hurricane-Fiona-9-19-2022/ard/19/122002022213/2022-09-26/105001002F064C00-visual.tif
2022-09-26 15:27:52+00:00	GE01	0.55	0.0.1	105001002F064C00	19	122002022023	31.4	331.7	54.7	142.9	65.1	32619	MXRA-Z19-122002022023	506478.271484375,2099843.75,510156.25,2101319.91152511	5.0	0.2	4	https://maxar-opendata.s3.amazonaws.com/events/Hurricane-Fiona-9-19-2022/ard/19/122002022023/2022-09-26/105001002F064C00-visual.tif
2022-09-26 15:27:52+00:00	GE01	0.55	0.0.1	105001002F064C00	19	122002022032	31.5	331.1	54.7	142.9	65.1	32619	MXRA-Z19-122002022032	509843.75,2099843.75,515156.25,2101123.7307887566	5.9	0.1	2	https://maxar-opendata.s3.amazonaws.com/events/Hurricane-Fiona-9-19-2022/ard/19/122002022032/2022-09-26/105001002F064C00-visual.tif
2022-09-26 15:27:52+00:00	GE01	0.55	0.0.1	105001002F064C00	19	122002022033	31.6	330.5	54.5	142.9	65.1	32619	MXRA-Z19-122002022033	514843.75,2099843.75,515913.5409615253,2100829.337639105	0.9	0.0	0	https://maxar-opendata.s3.amazonaws.com/events/Hurricane-Fiona-9-19-2022/ard/19/122002022033/2022-09-26/105001002F064C00-visual.tif
2022-09-26 15:27:52+00:00	GE01	0.56	0.0.1	105001002F064C00	19	122002022211	32.0	331.3	54.0	142.9	65.1	32619	MXRA-Z19-122002022211	514843.75,2094843.75,515880.351216849,2100156.25	4.7	0.5	11	https://maxar-opendata.s3.amazonaws.com/events/Hurricane-Fiona-9-19-2022/ard/19/122002022211/2022-09-26/105001002F064C00-visual.tif
2022-09-28 18:08:02+00:00	WV01	0.58	0.0.1	10200100CC2E3800	19	033113311103	24.4	127.2	63.6	232.7	57.5	32619	MXRA-Z19-033113311103	489546.9204184092,2073020.795466308,490156.25,2075156.25	1.1	0.0	0	https://maxar-opendata.s3.amazonaws.com/events/Hurricane-Fiona-9-19-2022/ard/19/033113311103/2022-09-28/10200100CC2E3800-visual.tif
2022-09-28 18:08:02+00:00	WV01	0.58	0.0.1	10200100CC2E3800	19	033113311112	24.0	128.1	64.0	232.7	57.5	32619	MXRA-Z19-033113311112	489843.75,2072696.2118928796,495156.25,2075156.25	12.1	4.8	39	https://maxar-opendata.s3.amazonaws.com/events/Hurricane-Fiona-9-19-2022/ard/19/033113311112/2022-09-28/10200100CC2E3800-visual.tif
2022-09-28 18:08:02+00:00	WV01	0.57	0.0.1	10200100CC2E3800	19	033113311113	23.6	129.0	64.4	232.7	57.5	32619	MXRA-Z19-033113311113	494843.75,2072371.6283194514,500156.25,2075156.25	13.8	1.4	10	https://maxar-opendata.s3.amazonaws.com/events/Hurricane-Fiona-9-19-2022/ard/19/033113311113/2022-09-28/10200100CC2E3800-visual.tif
2022-09-28 18:08:02+00:00	WV01	0.57	0.0.1	10200100CC2E3800	19	122002200002	23.5	129.4	64.5	232.7	57.5	32619	MXRA-Z19-122002200002	499843.75,2072335.5706610428,500711.69490479963,2075156.25	2.2	0.1	5	https://maxar-opendata.s3.amazonaws.com/events/Hurricane-Fiona-9-19-2022/ard/19/122002200002/2022-09-28/10200100CC2E3800-visual.tif
2022-09-28 18:08:03+00:00	WV01	0.59	0.0.1	10200100CC2E3800	19	033113133323	25.2	130.3	62.7	232.6	57.5	32619	MXRA-Z19-033113133323	489982.5883487991,2079843.75,490156.25,2082547.6815140098	0.2	0.0	21	https://maxar-opendata.s3.amazonaws.com/events/Hurricane-Fiona-9-19-2022/ard/19/033113133323/2022-09-28/10200100CC2E3800-visual.tif
2022-09-28 18:08:03+00:00	WV01	0.59	0.0.1	10200100CC2E3800	19	033113133330	25.3	132.7	62.6	232.5	57.5	32619	MXRA-Z19-033113133330	490303.71639938233,2084843.75,495156.25,2090156.25	24.8	12.3	49	https://maxar-opendata.s3.amazonaws.com/events/Hurricane-Fiona-9-19-2022/ard/19/033113133330/2022-09-28/10200100CC2E3800-visual.tif
2022-09-28 18:08:03+00:00	WV01	0.59	0.0.1	10200100CC2E3800	19	033113133331	24.9	133.6	63.0	232.5	57.5	32619	MXRA-Z19-033113133331	494843.75,2084843.75,500156.25,2090156.25	28.2	16.3	57	https://maxar-opendata.s3.amazonaws.com/events/Hurricane-Fiona-9-19-2022/ard/19/033113133331/2022-09-28/10200100CC2E3800-visual.tif
2022-09-28 18:08:03+00:00	WV01	0.59	0.0.1	10200100CC2E3800	19	033113133332	24.8	131.2	63.1	232.6	57.5	32619	MXRA-Z19-033113133332	489982.5883487991,2079843.75,495156.25,2085156.25	26.5	7.3	27	https://maxar-opendata.s3.amazonaws.com/events/Hurricane-Fiona-9-19-2022/ard/19/033113133332/2022-09-28/10200100CC2E3800-visual.tif
2022-09-28 18:08:03+00:00	WV01	0.58	0.0.1	10200100CC2E3800	19	033113133333	24.5	132.1	63.4	232.6	57.5	32619	MXRA-Z19-033113133333	494843.75,2079843.75,500156.25,2085156.25	28.2	6.3	22	https://maxar-opendata.s3.amazonaws.com/events/Hurricane-Fiona-9-19-2022/ard/19/033113133333/2022-09-28/10200100CC2E3800-visual.tif
2022-09-28 18:08:03+00:00	WV01	0.59	0.0.1	10200100CC2E3800	19	033113311101	24.8	128.8	63.2	232.6	57.5	32619	MXRA-Z19-033113311101	489661.4602982159,2074843.75,490156.25,2080156.25	1.7	0.0	5	https://maxar-opendata.s3.amazonaws.com/events/Hurricane-Fiona-9-19-2022/ard/19/033113311101/2022-09-28/10200100CC2E3800-visual.tif
2022-09-28 18:08:03+00:00	WV01	0.58	0.0.1	10200100CC2E3800	19	033113311110	24.4	129.7	63.6	232.6	57.5	32619	MXRA-Z19-033113311110	489843.75,2074843.75,495156.25,2080156.25	28.0	5.5	19	https://maxar-opendata.s3.amazonaws.com/events/Hurricane-Fiona-9-19-2022/ard/19/033113311110/2022-09-28/10200100CC2E3800-visual.tif
2022-09-28 18:08:03+00:00	WV01	0.58	0.0.1	10200100CC2E3800	19	033113311111	24.1	130.6	63.9	232.6	57.5	32619	MXRA-Z19-033113311111	494843.75,2074843.75,500156.25,2080156.25	28.2	3.4	12	https://maxar-opendata.s3.amazonaws.com/events/Hurricane-Fiona-9-19-2022/ard/19/033113311111/2022-09-28/10200100CC2E3800-visual.tif
2022-09-28 18:08:03+00:00	WV01	0.58	0.0.1	10200100CC2E3800	19	122002022220	24.9	134.0	63.0	232.4	57.5	32619	MXRA-Z19-122002022220	499843.75,2084843.75,500885.009765625,2090156.25	5.1	3.0	60	https://maxar-opendata.s3.amazonaws.com/events/Hurricane-Fiona-9-19-2022/ard/19/122002022220/2022-09-28/10200100CC2E3800-visual.tif
2022-09-28 18:08:03+00:00	WV01	0.58	0.0.1	10200100CC2E3800	19	122002022222	24.4	132.5	63.5	232.6	57.5	32619	MXRA-Z19-122002022222	499843.75,2079843.75,500806.57958984375,2085156.25	4.7	2.1	46	https://maxar-opendata.s3.amazonaws.com/events/Hurricane-Fiona-9-19-2022/ard/19/122002022222/2022-09-28/10200100CC2E3800-visual.tif
2022-09-28 18:08:03+00:00	WV01	0.58	0.0.1	10200100CC2E3800	19	122002200000	24.0	131.0	64.0	232.6	57.5	32619	MXRA-Z19-122002200000	499843.75,2074843.75,500741.88232421875,2080156.25	4.4	0.8	18	https://maxar-opendata.s3.amazonaws.com/events/Hurricane-Fiona-9-19-2022/ard/19/122002200000/2022-09-28/10200100CC2E3800-visual.tif
2022-09-28 18:08:04+00:00	WV01	0.6	0.0.1	10200100CC2E3800	19	033113133132	26.6	136.7	61.1	232.4	57.4	32619	MXRA-Z19-033113133132	491267.100551132,2099843.75,495156.25,2102208.555905798	8.6	0.0	0	https://maxar-opendata.s3.amazonaws.com/events/Hurricane-Fiona-9-19-2022/ard/19/033113133132/2022-09-28/10200100CC2E3800-visual.tif
2022-09-28 18:08:04+00:00	WV01	0.6	0.0.1	10200100CC2E3800	19	033113133133	26.3	137.6	61.5	232.4	57.4	32619	MXRA-Z19-033113133133	494843.75,2099843.75,500156.25,2102006.910237712	10.6	0.0	0	https://maxar-opendata.s3.amazonaws.com/events/Hurricane-Fiona-9-19-2022/ard/19/033113133133/2022-09-28/10200100CC2E3800-visual.tif
2022-09-28 18:08:04+00:00	WV01	0.6	0.0.1	10200100CC2E3800	19	033113133310	26.2	135.4	61.6	232.4	57.4	32619	MXRA-Z19-033113133310	490945.97250054876,2094843.75,495156.25,2100156.25	21.4	1.7	8	https://maxar-opendata.s3.amazonaws.com/events/Hurricane-Fiona-9-19-2022/ard/19/033113133310/2022-09-28/10200100CC2E3800-visual.tif
2022-09-28 18:08:04+00:00	WV01	0.59	0.0.1	10200100CC2E3800	19	033113133311	25.9	136.3	62.0	232.4	57.4	32619	MXRA-Z19-033113133311	494843.75,2094843.75,500156.25,2100156.25	28.2	1.0	3	https://maxar-opendata.s3.amazonaws.com/events/Hurricane-Fiona-9-19-2022/ard/19/033113133311/2022-09-28/10200100CC2E3800-visual.tif
2022-09-28 18:08:04+00:00	WV01	0.59	0.0.1	10200100CC2E3800	19	033113133312	25.7	134.1	62.1	232.4	57.5	32619	MXRA-Z19-033113133312	490624.8444499655,2089843.75,495156.25,2095156.25	23.1	6.5	28	https://maxar-opendata.s3.amazonaws.com/events/Hurricane-Fiona-9-19-2022/ard/19/033113133312/2022-09-28/10200100CC2E3800-visual.tif
2022-09-28 18:08:04+00:00	WV01	0.59	0.0.1	10200100CC2E3800	19	033113133313	25.4	135.0	62.5	232.4	57.5	32619	MXRA-Z19-033113133313	494843.75,2089843.75,500156.25,2095156.25	28.2	7.9	28	https://maxar-opendata.s3.amazonaws.com/events/Hurricane-Fiona-9-19-2022/ard/19/033113133313/2022-09-28/10200100CC2E3800-visual.tif
2022-09-28 18:08:04+00:00	WV01	0.6	0.0.1	10200100CC2E3800	19	122002022022	26.2	137.9	61.6	232.4	57.4	32619	MXRA-Z19-122002022022	499843.75,2099843.75,500810.1216736989,2101712.5170880603	1.7	0.0	0	https://maxar-opendata.s3.amazonaws.com/events/Hurricane-Fiona-9-19-2022/ard/19/122002022022/2022-09-28/10200100CC2E3800-visual.tif
2022-09-28 18:08:04+00:00	WV01	0.59	0.0.1	10200100CC2E3800	19	122002022200	25.8	136.7	62.1	232.4	57.4	32619	MXRA-Z19-122002022200	499843.75,2094843.75,500798.64501953125,2100156.25	4.9	0.0	0	https://maxar-opendata.s3.amazonaws.com/events/Hurricane-Fiona-9-19-2022/ard/19/122002022200/2022-09-28/10200100CC2E3800-visual.tif
2022-09-28 18:08:04+00:00	WV01	0.59	0.0.1	10200100CC2E3800	19	122002022202	25.3	135.4	62.5	232.4	57.5	32619	MXRA-Z19-122002022202	499843.75,2089843.75,500842.8955078125,2095156.25	5.0	1.5	31	https://maxar-opendata.s3.amazonaws.com/events/Hurricane-Fiona-9-19-2022/ard/19/122002022202/2022-09-28/10200100CC2E3800-visual.tif
2022-09-29 15:26:05+00:00	WV03	0.35	0.0.1	104001007A43AE00	20	031111310100	21.3	241.5	66.5	167.0	42.1	32620	MXRA-Z20-031111310100	444870.91064453125,4954843.75,445156.25,4957421.588759172	0.7	0.1	19	https://maxar-opendata.s3.amazonaws.com/events/Hurricane-Fiona-9-19-2022/ard/20/031111310100/2022-09-29/104001007A43AE00-visual.tif
2022-09-29 15:26:05+00:00	WV03	0.35	0.0.1	104001007A43AE00	20	031111310101	21.4	241.6	66.4	167.0	42.1	32620	MXRA-Z20-031111310101	444875.79345703125,4954843.75,450156.25,4957528.136696424	13.8	0.2	1	https://maxar-opendata.s3.amazonaws.com/events/Hurricane-Fiona-9-19-2022/ard/20/031111310101/2022-09-29/104001007A43AE00-visual.tif
2022-09-29 15:26:05+00:00	WV03	0.35	0.0.1	104001007A43AE00	20	031111310110	21.8	242.1	66.0	167.0	42.1	32620	MXRA-Z20-031111310110	449843.75,4954843.75,455156.25,4957634.784476619	14.5	0.0	0	https://maxar-opendata.s3.amazonaws.com/events/Hurricane-Fiona-9-19-2022/ard/20/031111310110/2022-09-29/104001007A43AE00-visual.tif
2022-09-29 15:26:05+00:00	WV03	0.35	0.0.1	104001007A43AE00	20	031111310111	22.1	242.6	65.6	167.0	42.1	32620	MXRA-Z20-031111310111	454843.75,4954843.75,460156.25,4957741.3823353425	15.0	0.3	2	https://maxar-opendata.s3.amazonaws.com/events/Hurricane-Fiona-9-19-2022/ard/20/031111310111/2022-09-29/104001007A43AE00-visual.tif
2022-09-29 15:26:05+00:00	WV03	0.35	0.0.1	104001007A43AE00	20	031111311000	22.2	242.7	65.5	167.0	42.1	32620	MXRA-Z20-031111311000	459843.75,4954843.75,460205.38330078125,4957742.17726462	1.0	0.2	19	https://maxar-opendata.s3.amazonaws.com/events/Hurricane-Fiona-9-19-2022/ard/20/031111311000/2022-09-29/104001007A43AE00-visual.tif
2022-09-29 15:26:06+00:00	WV03	0.35	0.0.1	104001007A43AE00	20	031111310102	21.4	241.6	66.4	167.0	42.1	32620	MXRA-Z20-031111310102	444811.70654296875,4949843.75,445156.25,4955156.25	1.6	0.1	10	https://maxar-opendata.s3.amazonaws.com/events/Hurricane-Fiona-9-19-2022/ard/20/031111310102/2022-09-29/104001007A43AE00-visual.tif
2022-09-29 15:26:06+00:00	WV03	0.35	0.0.1	104001007A43AE00	20	031111310103	21.5	241.7	66.3	167.0	42.1	32620	MXRA-Z20-031111310103	444843.75,4949843.75,450156.25,4955156.25	28.1	0.2	0	https://maxar-opendata.s3.amazonaws.com/events/Hurricane-Fiona-9-19-2022/ard/20/031111310103/2022-09-29/104001007A43AE00-visual.tif
2022-09-29 15:26:06+00:00	WV03	0.35	0.0.1	104001007A43AE00	20	031111310112	21.9	242.2	65.9	167.0	42.1	32620	MXRA-Z20-031111310112	449843.75,4949843.75,455156.25,4955156.25	28.2	0.2	0	https://maxar-opendata.s3.amazonaws.com/events/Hurricane-Fiona-9-19-2022/ard/20/031111310112/2022-09-29/104001007A43AE00-visual.tif
2022-09-29 15:26:06+00:00	WV03	0.35	0.0.1	104001007A43AE00	20	031111310113	22.2	242.7	65.5	167.0	42.1	32620	MXRA-Z20-031111310113	454843.75,4949843.75,460156.25,4955156.25	28.2	0.3	1	https://maxar-opendata.s3.amazonaws.com/events/Hurricane-Fiona-9-19-2022/ard/20/031111310113/2022-09-29/104001007A43AE00-visual.tif
2022-09-29 15:26:06+00:00	WV03	0.35	0.0.1	104001007A43AE00	20	031111310120	21.5	241.8	66.3	167.0	42.2	32620	MXRA-Z20-031111310120	444753.11279296875,4944843.75,445156.25,4950156.25	1.9	0.0	1	https://maxar-opendata.s3.amazonaws.com/events/Hurricane-Fiona-9-19-2022/ard/20/031111310120/2022-09-29/104001007A43AE00-visual.tif
2022-09-29 15:26:06+00:00	WV03	0.35	0.0.1	104001007A43AE00	20	031111310121	21.6	241.9	66.2	167.0	42.2	32620	MXRA-Z20-031111310121	444843.75,4944843.75,450156.25,4950156.25	28.2	0.0	0	https://maxar-opendata.s3.amazonaws.com/events/Hurricane-Fiona-9-19-2022/ard/20/031111310121/2022-09-29/104001007A43AE00-visual.tif
2022-09-29 15:26:06+00:00	WV03	0.35	0.0.1	104001007A43AE00	20	031111310130	21.9	242.4	65.8	167.0	42.2	32620	MXRA-Z20-031111310130	449843.75,4944843.75,455156.25,4950156.25	28.2	0.0	0	https://maxar-opendata.s3.amazonaws.com/events/Hurricane-Fiona-9-19-2022/ard/20/031111310130/2022-09-29/104001007A43AE00-visual.tif
2022-09-29 15:26:06+00:00	WV03	0.35	0.0.1	104001007A43AE00	20	031111310131	22.3	242.9	65.4	167.0	42.2	32620	MXRA-Z20-031111310131	454843.75,4944843.75,460149.23095703125,4950156.25	28.1	0.0	0	https://maxar-opendata.s3.amazonaws.com/events/Hurricane-Fiona-9-19-2022/ard/20/031111310131/2022-09-29/104001007A43AE00-visual.tif
2022-09-29 15:26:06+00:00	WV03	0.35	0.0.1	104001007A43AE00	20	031111311002	22.3	242.9	65.4	167.0	42.1	32620	MXRA-Z20-031111311002	459843.75,4949843.75,460198.3642578125,4955156.25	1.7	0.0	2	https://maxar-opendata.s3.amazonaws.com/events/Hurricane-Fiona-9-19-2022/ard/20/031111311002/2022-09-29/104001007A43AE00-visual.tif
2022-09-29 15:26:06+00:00	WV03	0.35	0.0.1	104001007A43AE00	20	031111311020	22.4	243.0	65.3	167.0	42.2	32620	MXRA-Z20-031111311020	459843.75,4944843.75,460151.67236328125,4950156.25	1.5	0.0	0	https://maxar-opendata.s3.amazonaws.com/events/Hurricane-Fiona-9-19-2022/ard/20/031111311020/2022-09-29/104001007A43AE00-visual.tif
2022-09-29 15:26:07+00:00	WV03	0.35	0.0.1	104001007A43AE00	20	031111310122	21.6	241.9	66.2	167.0	42.2	32620	MXRA-Z20-031111310122	444725.3212620937,4940667.171078759,445156.25,4945156.25	1.8	0.0	0	https://maxar-opendata.s3.amazonaws.com/events/Hurricane-Fiona-9-19-2022/ard/20/031111310122/2022-09-29/104001007A43AE00-visual.tif
2022-09-29 15:26:07+00:00	WV03	0.35	0.0.1	104001007A43AE00	20	031111310123	21.7	242.1	66.1	167.0	42.2	32620	MXRA-Z20-031111310123	444843.75,4940673.360131131,450156.25,4945156.25	22.4	0.1	0	https://maxar-opendata.s3.amazonaws.com/events/Hurricane-Fiona-9-19-2022/ard/20/031111310123/2022-09-29/104001007A43AE00-visual.tif
2022-09-29 15:26:07+00:00	WV03	0.35	0.0.1	104001007A43AE00	20	031111310132	22.0	242.6	65.7	167.0	42.2	32620	MXRA-Z20-031111310132	449843.75,4941165.995385359,455156.25,4945156.25	19.8	0.0	0	https://maxar-opendata.s3.amazonaws.com/events/Hurricane-Fiona-9-19-2022/ard/20/031111310132/2022-09-29/104001007A43AE00-visual.tif
2022-09-29 15:26:07+00:00	WV03	0.35	0.0.1	104001007A43AE00	20	031111310133	22.4	243.1	65.3	167.0	42.2	32620	MXRA-Z20-031111310133	454843.75,4941658.6306395875,460146.78955078125,4945156.25	17.1	0.0	0	https://maxar-opendata.s3.amazonaws.com/events/Hurricane-Fiona-9-19-2022/ard/20/031111310133/2022-09-29/104001007A43AE00-visual.tif
2022-09-29 15:26:07+00:00	WV03	0.35	0.0.1	104001007A43AE00	20	031111311022	22.5	243.2	65.2	167.0	42.2	32620	MXRA-Z20-031111311022	459843.75,4942151.265893815,460147.0947265625,4945156.25	0.8	0.0	0	https://maxar-opendata.s3.amazonaws.com/events/Hurricane-Fiona-9-19-2022/ard/20/031111311022/2022-09-29/104001007A43AE00-visual.tif
