datetime	platform	gsd	ard_metadata_version	catalog_id	utm_zone	quadkey	view:off_nadir	view:azimuth	view:incidence_angle	view:sun_azimuth	view:sun_elevation	proj:epsg	proj:bbox	tile:data_area	tile:clouds_area	tile:clouds_percent	visual
2019-05-18 02:46:44+00:00	GE01	0.5	0.0.1	10500100164C2D00	49	300020302111	27.0	148.6	59.8	41.5	53.7	32749	696205.4443359375,9154843.75,700156.25,9156796.875	6.6	0.0	0	https://maxar-opendata.s3.amazonaws.com/events/volcano-indonesia21/ard/49/300020302111/2019-05-18/10500100164C2D00-visual.tif
2019-05-18 02:46:44+00:00	GE01	0.5	0.0.1	10500100164C2D00	49	300020302113	27.0	148.7	59.8	41.5	53.7	32749	696196.5942382812,9149843.75,700156.25,9155156.25	21.0	0.0	0	https://maxar-opendata.s3.amazonaws.com/events/volcano-indonesia21/ard/49/300020302113/2019-05-18/10500100164C2D00-visual.tif
2019-05-18 02:46:44+00:00	GE01	0.5	0.0.1	10500100164C2D00	49	300020303000	26.8	149.1	60.0	41.5	53.7	32749	699843.75,9154843.75,705156.25,9156300.048828125	5.7	0.0	0	https://maxar-opendata.s3.amazonaws.com/events/volcano-indonesia21/ard/49/300020303000/2019-05-18/10500100164C2D00-visual.tif
2019-05-18 02:46:44+00:00	GE01	0.5	0.0.1	10500100164C2D00	49	300020303001	26.6	149.7	60.3	41.5	53.7	32749	704843.75,9154843.75,710156.25,9155616.149902344	2.1	0.0	0	https://maxar-opendata.s3.amazonaws.com/events/volcano-indonesia21/ard/49/300020303001/2019-05-18/10500100164C2D00-visual.tif
2019-05-18 02:46:44+00:00	GE01	0.5	0.0.1	10500100164C2D00	49	300020303002	26.8	149.2	60.0	41.5	53.7	32749	699843.75,9149843.75,705156.25,9155156.25	28.2	0.0	0	https://maxar-opendata.s3.amazonaws.com/events/volcano-indonesia21/ard/49/300020303002/2019-05-18/10500100164C2D00-visual.tif
2019-05-18 02:46:44+00:00	GE01	0.5	0.0.1	10500100164C2D00	49	300020303003	26.6	149.8	60.2	41.5	53.7	32749	704843.75,9149843.75,710156.25,9155156.25	27.9	0.0	0	https://maxar-opendata.s3.amazonaws.com/events/volcano-indonesia21/ard/49/300020303003/2019-05-18/10500100164C2D00-visual.tif
2019-05-18 02:46:44+00:00	GE01	0.5	0.0.1	10500100164C2D00	49	300020303012	26.5	150.4	60.4	41.5	53.7	32749	709843.75,9149843.75,714232.177734375,9154933.776855469	20.9	0.0	0	https://maxar-opendata.s3.amazonaws.com/events/volcano-indonesia21/ard/49/300020303012/2019-05-18/10500100164C2D00-visual.tif
2019-05-18 02:46:45+00:00	GE01	0.5	0.0.1	10500100164C2D00	49	300020302131	27.1	149.1	59.8	41.3	53.7	32749	696194.1528320312,9144843.75,700156.25,9150156.25	21.0	0.0	0	https://maxar-opendata.s3.amazonaws.com/events/volcano-indonesia21/ard/49/300020302131/2019-05-18/10500100164C2D00-visual.tif
2019-05-18 02:46:45+00:00	GE01	0.5	0.0.1	10500100164C2D00	49	300020303020	26.9	149.5	60.0	41.4	53.7	32749	699843.75,9144843.75,705156.25,9150156.25	28.2	0.0	0	https://maxar-opendata.s3.amazonaws.com/events/volcano-indonesia21/ard/49/300020303020/2019-05-18/10500100164C2D00-visual.tif
2019-05-18 02:46:45+00:00	GE01	0.5	0.0.1	10500100164C2D00	49	300020303021	26.7	150.2	60.2	41.4	53.7	32749	704843.75,9144843.75,710156.25,9150156.25	28.2	0.0	0	https://maxar-opendata.s3.amazonaws.com/events/volcano-indonesia21/ard/49/300020303021/2019-05-18/10500100164C2D00-visual.tif
2019-05-18 02:46:45+00:00	GE01	0.5	0.0.1	10500100164C2D00	49	300020303030	26.5	150.7	60.4	41.4	53.7	32749	709843.75,9144843.75,714214.1723632812,9150156.25	23.1	0.0	0	https://maxar-opendata.s3.amazonaws.com/events/volcano-indonesia21/ard/49/300020303030/2019-05-18/10500100164C2D00-visual.tif
2019-05-18 02:46:45+00:00	GE01	0.5	0.0.1	10500100164C2D00	49	300020303032	26.5	151.0	60.4	41.3	53.7	32749	709843.75,9139843.75,714216.0034179688,9145156.25	23.1	0.0	0	https://maxar-opendata.s3.amazonaws.com/events/volcano-indonesia21/ard/49/300020303032/2019-05-18/10500100164C2D00-visual.tif
2019-05-18 02:46:46+00:00	GE01	0.5	0.0.1	10500100164C2D00	49	300020302133	27.1	149.4	59.7	41.3	53.7	32749	696184.08203125,9139843.75,700156.25,9145156.25	21.0	0.0	0	https://maxar-opendata.s3.amazonaws.com/events/volcano-indonesia21/ard/49/300020302133/2019-05-18/10500100164C2D00-visual.tif
2019-05-18 02:46:46+00:00	GE01	0.5	0.0.1	10500100164C2D00	49	300020303022	26.9	149.9	59.9	41.3	53.7	32749	699843.75,9139843.75,705156.25,9145156.25	28.2	0.0	0	https://maxar-opendata.s3.amazonaws.com/events/volcano-indonesia21/ard/49/300020303022/2019-05-18/10500100164C2D00-visual.tif
2019-05-18 02:46:46+00:00	GE01	0.5	0.0.1	10500100164C2D00	49	300020303023	26.7	150.5	60.2	41.3	53.7	32749	704843.75,9139843.75,710156.25,9145156.25	28.2	0.0	0	https://maxar-opendata.s3.amazonaws.com/events/volcano-indonesia21/ard/49/300020303023/2019-05-18/10500100164C2D00-visual.tif
2019-05-18 02:46:46+00:00	GE01	0.5	0.0.1	10500100164C2D00	49	300020303210	26.6	151.3	60.3	41.3	53.7	32749	709843.75,9134843.75,714379.2724609375,9140156.25	23.5	6.1	25	https://maxar-opendata.s3.amazonaws.com/events/volcano-indonesia21/ard/49/300020303210/2019-05-18/10500100164C2D00-visual.tif
2019-05-18 02:46:47+00:00	GE01	0.5	0.0.1	10500100164C2D00	49	300020302311	27.1	149.7	59.7	41.3	53.6	32749	696181.0302734375,9134843.75,700156.25,9140156.25	20.8	0.0	0	https://maxar-opendata.s3.amazonaws.com/events/volcano-indonesia21/ard/49/300020302311/2019-05-18/10500100164C2D00-visual.tif
2019-05-18 02:46:47+00:00	GE01	0.5	0.0.1	10500100164C2D00	49	300020303200	27.0	150.2	59.9	41.3	53.6	32749	699843.75,9134843.75,705156.25,9140156.25	28.2	0.0	0	https://maxar-opendata.s3.amazonaws.com/events/volcano-indonesia21/ard/49/300020303200/2019-05-18/10500100164C2D00-visual.tif
2019-05-18 02:46:47+00:00	GE01	0.5	0.0.1	10500100164C2D00	49	300020303201	26.8	150.8	60.1	41.3	53.7	32749	704843.75,9134843.75,710156.25,9140156.25	28.2	1.9	6	https://maxar-opendata.s3.amazonaws.com/events/volcano-indonesia21/ard/49/300020303201/2019-05-18/10500100164C2D00-visual.tif
2019-05-18 02:46:47+00:00	GE01	0.5	0.0.1	10500100164C2D00	49	300020303212	26.6	151.6	60.3	41.2	53.5	32749	709843.75,9129843.75,714614.8681640625,9135156.25	24.6	21.9	89	https://maxar-opendata.s3.amazonaws.com/events/volcano-indonesia21/ard/49/300020303212/2019-05-18/10500100164C2D00-visual.tif
2019-05-18 02:46:48+00:00	GE01	0.5	0.0.1	10500100164C2D00	49	300020302313	27.2	150.0	59.6	41.2	53.5	32749	696289.0625,9129843.75,700156.25,9135156.25	20.3	0.0	0	https://maxar-opendata.s3.amazonaws.com/events/volcano-indonesia21/ard/49/300020302313/2019-05-18/10500100164C2D00-visual.tif
2019-05-18 02:46:48+00:00	GE01	0.5	0.0.1	10500100164C2D00	49	300020303202	27.0	150.5	59.8	41.2	53.5	32749	699843.75,9129843.75,705156.25,9135156.25	28.2	0.4	1	https://maxar-opendata.s3.amazonaws.com/events/volcano-indonesia21/ard/49/300020303202/2019-05-18/10500100164C2D00-visual.tif
2019-05-18 02:46:48+00:00	GE01	0.5	0.0.1	10500100164C2D00	49	300020303203	26.8	151.1	60.1	41.2	53.5	32749	704843.75,9129843.75,710156.25,9135156.25	28.2	11.9	42	https://maxar-opendata.s3.amazonaws.com/events/volcano-indonesia21/ard/49/300020303203/2019-05-18/10500100164C2D00-visual.tif
2019-05-18 02:46:48+00:00	GE01	0.5	0.0.1	10500100164C2D00	49	300020303221	26.8	151.4	60.0	41.2	53.5	32749	704843.75,9124843.75,710156.25,9130156.25	28.2	3.2	11	https://maxar-opendata.s3.amazonaws.com/events/volcano-indonesia21/ard/49/300020303221/2019-05-18/10500100164C2D00-visual.tif
2019-05-18 02:46:48+00:00	GE01	0.5	0.0.1	10500100164C2D00	49	300020303230	26.7	151.9	60.2	41.2	53.5	32749	709843.75,9124843.75,714813.232421875,9130156.25	25.8	3.4	13	https://maxar-opendata.s3.amazonaws.com/events/volcano-indonesia21/ard/49/300020303230/2019-05-18/10500100164C2D00-visual.tif
2019-05-18 02:46:49+00:00	GE01	0.5	0.0.1	10500100164C2D00	49	300020302331	27.2	150.3	59.6	41.2	53.5	32749	696313.1713867188,9124843.75,700156.25,9130156.25	20.0	0.0	0	https://maxar-opendata.s3.amazonaws.com/events/volcano-indonesia21/ard/49/300020302331/2019-05-18/10500100164C2D00-visual.tif
2019-05-18 02:46:49+00:00	GE01	0.5	0.0.1	10500100164C2D00	49	300020303220	27.0	150.8	59.8	41.2	53.5	32749	699843.75,9124843.75,705156.25,9130156.25	28.2	0.8	3	https://maxar-opendata.s3.amazonaws.com/events/volcano-indonesia21/ard/49/300020303220/2019-05-18/10500100164C2D00-visual.tif
2019-05-18 02:46:49+00:00	GE01	0.5	0.0.1	10500100164C2D00	49	300020303223	26.9	151.7	60.0	41.2	53.5	32749	704843.75,9119843.75,710156.25,9125156.25	28.2	0.8	2	https://maxar-opendata.s3.amazonaws.com/events/volcano-indonesia21/ard/49/300020303223/2019-05-18/10500100164C2D00-visual.tif
2019-05-18 02:46:49+00:00	GE01	0.5	0.0.1	10500100164C2D00	49	300020303232	26.7	152.2	60.2	41.2	53.5	32749	709843.75,9119843.75,714772.3388671875,9125156.25	25.7	0.0	0	https://maxar-opendata.s3.amazonaws.com/events/volcano-indonesia21/ard/49/300020303232/2019-05-18/10500100164C2D00-visual.tif
2019-05-18 02:46:50+00:00	GE01	0.5	0.0.1	10500100164C2D00	49	300020302333	27.2	150.6	59.6	41.2	53.5	32749	696234.130859375,9119843.75,700156.25,9125156.25	20.6	0.0	0	https://maxar-opendata.s3.amazonaws.com/events/volcano-indonesia21/ard/49/300020302333/2019-05-18/10500100164C2D00-visual.tif
2019-05-18 02:46:50+00:00	GE01	0.5	0.0.1	10500100164C2D00	49	300020303222	27.1	151.1	59.7	41.2	53.5	32749	699843.75,9119843.75,705156.25,9125156.25	28.2	1.8	6	https://maxar-opendata.s3.amazonaws.com/events/volcano-indonesia21/ard/49/300020303222/2019-05-18/10500100164C2D00-visual.tif
2019-05-18 02:46:50+00:00	GE01	0.5	0.0.1	10500100164C2D00	49	300020321000	27.1	151.4	59.7	41.2	53.5	32749	699843.75,9114843.75,705156.25,9120156.25	28.2	0.5	1	https://maxar-opendata.s3.amazonaws.com/events/volcano-indonesia21/ard/49/300020321000/2019-05-18/10500100164C2D00-visual.tif
2019-05-18 02:46:50+00:00	GE01	0.5	0.0.1	10500100164C2D00	49	300020321001	26.9	152.0	59.9	41.2	53.5	32749	704843.75,9114843.75,710156.25,9120156.25	28.2	0.1	0	https://maxar-opendata.s3.amazonaws.com/events/volcano-indonesia21/ard/49/300020321001/2019-05-18/10500100164C2D00-visual.tif
2019-05-18 02:46:50+00:00	GE01	0.5	0.0.1	10500100164C2D00	49	300020321010	26.8	152.6	60.1	41.2	53.5	32749	709843.75,9114843.75,714687.1948242188,9120156.25	25.5	0.0	0	https://maxar-opendata.s3.amazonaws.com/events/volcano-indonesia21/ard/49/300020321010/2019-05-18/10500100164C2D00-visual.tif
2019-05-18 02:46:51+00:00	GE01	0.5	0.0.1	10500100164C2D00	49	300020320111	27.3	151.0	59.5	41.2	53.5	32749	696228.6376953125,9114843.75,700156.25,9120156.25	20.8	0.0	0	https://maxar-opendata.s3.amazonaws.com/events/volcano-indonesia21/ard/49/300020320111/2019-05-18/10500100164C2D00-visual.tif
2019-05-18 02:46:51+00:00	GE01	0.5	0.0.1	10500100164C2D00	49	300020321002	27.2	151.8	59.6	41.2	53.5	32749	699843.75,9109843.75,705156.25,9115156.25	28.2	0.0	0	https://maxar-opendata.s3.amazonaws.com/events/volcano-indonesia21/ard/49/300020321002/2019-05-18/10500100164C2D00-visual.tif
2019-05-18 02:46:51+00:00	GE01	0.5	0.0.1	10500100164C2D00	49	300020321003	27.0	152.3	59.9	41.2	53.5	32749	704843.75,9109843.75,710156.25,9115156.25	28.2	0.0	0	https://maxar-opendata.s3.amazonaws.com/events/volcano-indonesia21/ard/49/300020321003/2019-05-18/10500100164C2D00-visual.tif
2019-05-18 02:46:51+00:00	GE01	0.5	0.0.1	10500100164C2D00	49	300020321012	26.8	152.9	60.1	41.2	53.5	32749	709843.75,9109843.75,714629.2114257812,9115156.25	25.1	0.0	0	https://maxar-opendata.s3.amazonaws.com/events/volcano-indonesia21/ard/49/300020321012/2019-05-18/10500100164C2D00-visual.tif
2019-05-18 02:46:52+00:00	GE01	0.5	0.0.1	10500100164C2D00	49	300020320113	27.3	151.3	59.5	41.1	53.4	32749	696213.37890625,9109843.75,700156.25,9115156.25	20.9	0.0	0	https://maxar-opendata.s3.amazonaws.com/events/volcano-indonesia21/ard/49/300020320113/2019-05-18/10500100164C2D00-visual.tif
2019-05-18 02:46:52+00:00	GE01	0.5	0.0.1	10500100164C2D00	49	300020321020	27.2	152.1	59.6	41.0	53.3	32749	699843.75,9104843.75,705156.25,9110156.25	28.2	0.0	0	https://maxar-opendata.s3.amazonaws.com/events/volcano-indonesia21/ard/49/300020321020/2019-05-18/10500100164C2D00-visual.tif
2019-05-18 02:46:52+00:00	GE01	0.5	0.0.1	10500100164C2D00	49	300020321021	27.0	152.6	59.8	41.0	53.3	32749	704843.75,9104843.75,710156.25,9110156.25	28.2	0.0	0	https://maxar-opendata.s3.amazonaws.com/events/volcano-indonesia21/ard/49/300020321021/2019-05-18/10500100164C2D00-visual.tif
2019-05-18 02:46:52+00:00	GE01	0.5	0.0.1	10500100164C2D00	49	300020321030	26.8	153.2	60.0	41.1	53.4	32749	709843.75,9104843.75,714543.7622070312,9110156.25	24.8	0.0	0	https://maxar-opendata.s3.amazonaws.com/events/volcano-indonesia21/ard/49/300020321030/2019-05-18/10500100164C2D00-visual.tif
2019-05-18 02:46:53+00:00	GE01	0.5	0.0.1	10500100164C2D00	49	300020320131	27.4	151.6	59.4	41.0	53.3	32749	696183.7768554688,9104843.75,700156.25,9110156.25	21.0	0.0	0	https://maxar-opendata.s3.amazonaws.com/events/volcano-indonesia21/ard/49/300020320131/2019-05-18/10500100164C2D00-visual.tif
2019-05-18 02:46:53+00:00	GE01	0.5	0.0.1	10500100164C2D00	49	300020321022	27.2	152.4	59.6	41.0	53.3	32749	699843.75,9099843.75,705156.25,9105156.25	28.2	0.0	0	https://maxar-opendata.s3.amazonaws.com/events/volcano-indonesia21/ard/49/300020321022/2019-05-18/10500100164C2D00-visual.tif
2019-05-18 02:46:53+00:00	GE01	0.5	0.0.1	10500100164C2D00	49	300020321023	27.1	153.0	59.8	41.0	53.3	32749	704843.75,9099843.75,710156.25,9105156.25	28.2	0.0	0	https://maxar-opendata.s3.amazonaws.com/events/volcano-indonesia21/ard/49/300020321023/2019-05-18/10500100164C2D00-visual.tif
2019-05-18 02:46:53+00:00	GE01	0.5	0.0.1	10500100164C2D00	49	300020321032	26.9	153.5	60.0	41.0	53.3	32749	709843.75,9099843.75,714552.3071289062,9105156.25	24.7	0.0	0	https://maxar-opendata.s3.amazonaws.com/events/volcano-indonesia21/ard/49/300020321032/2019-05-18/10500100164C2D00-visual.tif
2019-05-18 02:46:54+00:00	GE01	0.5	0.0.1	10500100164C2D00	49	300020320133	27.4	151.9	59.4	41.0	53.3	32749	696137.0849609375,9099843.75,700156.25,9105156.25	21.2	0.0	0	https://maxar-opendata.s3.amazonaws.com/events/volcano-indonesia21/ard/49/300020320133/2019-05-18/10500100164C2D00-visual.tif
2019-05-18 02:46:54+00:00	GE01	0.5	0.0.1	10500100164C2D00	49	300020321200	27.3	152.7	59.5	40.9	53.3	32749	699843.75,9094843.75,705156.25,9100156.25	28.2	0.0	0	https://maxar-opendata.s3.amazonaws.com/events/volcano-indonesia21/ard/49/300020321200/2019-05-18/10500100164C2D00-visual.tif
2019-05-18 02:46:54+00:00	GE01	0.5	0.0.1	10500100164C2D00	49	300020321201	27.1	153.3	59.7	40.9	53.3	32749	704843.75,9094843.75,710156.25,9100156.25	28.2	0.0	0	https://maxar-opendata.s3.amazonaws.com/events/volcano-indonesia21/ard/49/300020321201/2019-05-18/10500100164C2D00-visual.tif
2019-05-18 02:46:54+00:00	GE01	0.5	0.0.1	10500100164C2D00	49	300020321210	26.9	153.9	59.9	40.9	53.3	32749	709843.75,9094843.75,714403.076171875,9100156.25	23.5	0.0	0	https://maxar-opendata.s3.amazonaws.com/events/volcano-indonesia21/ard/49/300020321210/2019-05-18/10500100164C2D00-visual.tif
2019-05-18 02:46:55+00:00	GE01	0.5	0.0.1	10500100164C2D00	49	300020320311	27.4	152.2	59.3	40.9	53.3	32749	696092.8344726562,9094843.75,700156.25,9100156.25	21.4	0.0	0	https://maxar-opendata.s3.amazonaws.com/events/volcano-indonesia21/ard/49/300020320311/2019-05-18/10500100164C2D00-visual.tif
2019-05-18 02:46:55+00:00	GE01	0.5	0.0.1	10500100164C2D00	49	300020321202	27.3	153.1	59.5	40.8	53.3	32749	699843.75,9089843.75,705156.25,9095156.25	28.2	0.0	0	https://maxar-opendata.s3.amazonaws.com/events/volcano-indonesia21/ard/49/300020321202/2019-05-18/10500100164C2D00-visual.tif
2019-05-18 02:46:55+00:00	GE01	0.5	0.0.1	10500100164C2D00	49	300020321203	27.1	153.7	59.7	40.8	53.3	32749	704843.75,9089843.75,710156.25,9095156.25	28.2	0.0	0	https://maxar-opendata.s3.amazonaws.com/events/volcano-indonesia21/ard/49/300020321203/2019-05-18/10500100164C2D00-visual.tif
2019-05-18 02:46:55+00:00	GE01	0.5	0.0.1	10500100164C2D00	49	300020321212	27.0	154.2	59.9	40.8	53.3	32749	709843.75,9089843.75,714179.6875,9095156.25	22.7	0.0	0	https://maxar-opendata.s3.amazonaws.com/events/volcano-indonesia21/ard/49/300020321212/2019-05-18/10500100164C2D00-visual.tif
2019-05-18 02:46:56+00:00	GE01	0.5	0.0.1	10500100164C2D00	49	300020320313	27.5	152.5	59.3	40.8	53.3	32749	696053.7719726562,9089843.75,700156.25,9095156.25	21.7	0.0	0	https://maxar-opendata.s3.amazonaws.com/events/volcano-indonesia21/ard/49/300020320313/2019-05-18/10500100164C2D00-visual.tif
2019-05-18 02:46:56+00:00	GE01	0.5	0.0.1	10500100164C2D00	49	300020320331	27.5	152.9	59.2	40.8	53.3	32749	696032.4096679688,9084843.75,700156.25,9090156.25	21.8	0.0	0	https://maxar-opendata.s3.amazonaws.com/events/volcano-indonesia21/ard/49/300020320331/2019-05-18/10500100164C2D00-visual.tif
2019-05-18 02:46:56+00:00	GE01	0.5	0.0.1	10500100164C2D00	49	300020321220	27.4	153.4	59.4	40.8	53.3	32749	699843.75,9084843.75,705156.25,9090156.25	28.2	0.0	0	https://maxar-opendata.s3.amazonaws.com/events/volcano-indonesia21/ard/49/300020321220/2019-05-18/10500100164C2D00-visual.tif
2019-05-18 02:46:56+00:00	GE01	0.5	0.0.1	10500100164C2D00	49	300020321221	27.2	154.0	59.6	40.8	53.3	32749	704843.75,9084843.75,710156.25,9090156.25	28.2	0.0	0	https://maxar-opendata.s3.amazonaws.com/events/volcano-indonesia21/ard/49/300020321221/2019-05-18/10500100164C2D00-visual.tif
2019-05-18 02:46:56+00:00	GE01	0.5	0.0.1	10500100164C2D00	49	300020321230	27.0	154.5	59.8	40.8	53.3	32749	709843.75,9084843.75,714097.5952148438,9090156.25	22.3	0.0	0	https://maxar-opendata.s3.amazonaws.com/events/volcano-indonesia21/ard/49/300020321230/2019-05-18/10500100164C2D00-visual.tif
2019-05-18 02:46:57+00:00	GE01	0.5	0.0.1	10500100164C2D00	49	300020320333	27.6	153.2	59.2	40.8	53.2	32749	696039.4287109375,9079843.75,700156.25,9085156.25	21.7	0.0	0	https://maxar-opendata.s3.amazonaws.com/events/volcano-indonesia21/ard/49/300020320333/2019-05-18/10500100164C2D00-visual.tif
2019-05-18 02:46:57+00:00	GE01	0.5	0.0.1	10500100164C2D00	49	300020321222	27.4	153.7	59.4	40.8	53.3	32749	699843.75,9079843.75,705156.25,9085156.25	28.2	0.0	0	https://maxar-opendata.s3.amazonaws.com/events/volcano-indonesia21/ard/49/300020321222/2019-05-18/10500100164C2D00-visual.tif
2019-05-18 02:46:57+00:00	GE01	0.5	0.0.1	10500100164C2D00	49	300020321223	27.2	154.3	59.6	40.8	53.3	32749	704843.75,9079843.75,710156.25,9085156.25	28.2	0.0	0	https://maxar-opendata.s3.amazonaws.com/events/volcano-indonesia21/ard/49/300020321223/2019-05-18/10500100164C2D00-visual.tif
2019-05-18 02:46:57+00:00	GE01	0.5	0.0.1	10500100164C2D00	49	300020321232	27.1	154.9	59.8	40.8	53.3	32749	709843.75,9079843.75,714040.2221679688,9085156.25	21.7	0.0	0	https://maxar-opendata.s3.amazonaws.com/events/volcano-indonesia21/ard/49/300020321232/2019-05-18/10500100164C2D00-visual.tif
2019-05-18 02:46:58+00:00	GE01	0.5	0.0.1	10500100164C2D00	49	300020322111	27.6	153.5	59.2	40.8	53.2	32749	695860.2905273438,9074843.75,700156.25,9080156.25	22.2	0.0	0	https://maxar-opendata.s3.amazonaws.com/events/volcano-indonesia21/ard/49/300020322111/2019-05-18/10500100164C2D00-visual.tif
2019-05-18 02:46:58+00:00	GE01	0.5	0.0.1	10500100164C2D00	49	300020323000	27.4	154.0	59.3	40.8	53.2	32749	699843.75,9074843.75,705156.25,9080156.25	28.2	0.0	0	https://maxar-opendata.s3.amazonaws.com/events/volcano-indonesia21/ard/49/300020323000/2019-05-18/10500100164C2D00-visual.tif
2019-05-18 02:46:58+00:00	GE01	0.5	0.0.1	10500100164C2D00	49	300020323001	27.3	154.6	59.5	40.8	53.2	32749	704843.75,9074843.75,710156.25,9080156.25	28.2	0.0	0	https://maxar-opendata.s3.amazonaws.com/events/volcano-indonesia21/ard/49/300020323001/2019-05-18/10500100164C2D00-visual.tif
2019-05-18 02:46:58+00:00	GE01	0.5	0.0.1	10500100164C2D00	49	300020323010	27.1	155.2	59.7	40.8	53.2	32749	709843.75,9074843.75,713909.6069335938,9080156.25	21.4	0.0	0	https://maxar-opendata.s3.amazonaws.com/events/volcano-indonesia21/ard/49/300020323010/2019-05-18/10500100164C2D00-visual.tif
2019-05-18 02:46:59+00:00	GE01	0.51	0.0.1	10500100164C2D00	49	300020322113	27.6	153.8	59.1	40.7	53.2	32749	695833.1298828125,9069843.75,700156.25,9075156.25	22.8	0.0	0	https://maxar-opendata.s3.amazonaws.com/events/volcano-indonesia21/ard/49/300020322113/2019-05-18/10500100164C2D00-visual.tif
2019-05-18 02:46:59+00:00	GE01	0.5	0.0.1	10500100164C2D00	49	300020323002	27.5	154.3	59.3	40.7	53.2	32749	699843.75,9069843.75,705156.25,9075156.25	28.2	0.0	0	https://maxar-opendata.s3.amazonaws.com/events/volcano-indonesia21/ard/49/300020323002/2019-05-18/10500100164C2D00-visual.tif
2019-05-18 02:46:59+00:00	GE01	0.5	0.0.1	10500100164C2D00	49	300020323003	27.3	155.0	59.5	40.7	53.2	32749	704843.75,9069843.75,710156.25,9075156.25	28.2	0.0	0	https://maxar-opendata.s3.amazonaws.com/events/volcano-indonesia21/ard/49/300020323003/2019-05-18/10500100164C2D00-visual.tif
2019-05-18 02:46:59+00:00	GE01	0.5	0.0.1	10500100164C2D00	49	300020323012	27.2	155.5	59.7	40.8	53.2	32749	709843.75,9069843.75,713883.6669921875,9075156.25	21.2	0.0	0	https://maxar-opendata.s3.amazonaws.com/events/volcano-indonesia21/ard/49/300020323012/2019-05-18/10500100164C2D00-visual.tif
2019-05-18 02:47:00+00:00	GE01	0.51	0.0.1	10500100164C2D00	49	300020322131	27.7	154.0	59.1	40.7	53.2	32749	695816.0400390625,9065516.662597656,700156.25,9070156.25	18.8	0.0	0	https://maxar-opendata.s3.amazonaws.com/events/volcano-indonesia21/ard/49/300020322131/2019-05-18/10500100164C2D00-visual.tif
2019-05-18 02:47:00+00:00	GE01	0.5	0.0.1	10500100164C2D00	49	300020323020	27.5	154.6	59.2	40.7	53.2	32749	699843.75,9064857.788085938,705156.25,9070156.25	26.2	0.0	0	https://maxar-opendata.s3.amazonaws.com/events/volcano-indonesia21/ard/49/300020323020/2019-05-18/10500100164C2D00-visual.tif
2019-05-18 02:47:00+00:00	GE01	0.5	0.0.1	10500100164C2D00	49	300020323021	27.3	155.3	59.4	40.7	53.2	32749	704843.75,9064843.75,710156.25,9070156.25	28.2	0.0	0	https://maxar-opendata.s3.amazonaws.com/events/volcano-indonesia21/ard/49/300020323021/2019-05-18/10500100164C2D00-visual.tif
2019-05-18 02:47:00+00:00	GE01	0.5	0.0.1	10500100164C2D00	49	300020323030	27.2	155.8	59.6	40.7	53.2	32749	709843.75,9064843.75,713830.8715820312,9070156.25	21.1	0.0	0	https://maxar-opendata.s3.amazonaws.com/events/volcano-indonesia21/ard/49/300020323030/2019-05-18/10500100164C2D00-visual.tif
2019-05-18 02:47:00+00:00	GE01	0.5	0.0.1	10500100164C2D00	49	300020323032	27.2	155.9	59.6	40.7	53.2	32749	709843.75,9063723.449707031,713806.15234375,9065156.25	4.6	0.0	0	https://maxar-opendata.s3.amazonaws.com/events/volcano-indonesia21/ard/49/300020323032/2019-05-18/10500100164C2D00-visual.tif
2019-05-18 02:47:01+00:00	GE01	0.5	0.0.1	10500100164C2D00	49	300020323022	27.5	154.7	59.2	40.7	53.2	32749	702890.0146484375,9064857.788085938,705156.25,9065156.25	0.3	0.0	0	https://maxar-opendata.s3.amazonaws.com/events/volcano-indonesia21/ard/49/300020323022/2019-05-18/10500100164C2D00-visual.tif
2019-05-18 02:47:01+00:00	GE01	0.5	0.0.1	10500100164C2D00	49	300020323023	27.4	155.3	59.4	40.7	53.2	32749	704843.75,9064200.744628906,710156.25,9065156.25	3.2	0.0	0	https://maxar-opendata.s3.amazonaws.com/events/volcano-indonesia21/ard/49/300020323023/2019-05-18/10500100164C2D00-visual.tif
2019-11-15 02:51:33+00:00	GE01	0.44	0.0.1	1050010019B44B00	49	300020321012	15.4	171.4	72.9	119.8	67.8	32749	713804.3212890625,9109843.75,715156.25,9114484.86328125	6.1	0.0	0	https://maxar-opendata.s3.amazonaws.com/events/volcano-indonesia21/ard/49/300020321012/2019-11-15/1050010019B44B00-visual.tif
2019-11-15 02:51:33+00:00	GE01	0.44	0.0.1	1050010019B44B00	49	300020321013	15.4	172.0	72.9	119.8	67.8	32749	714843.75,9109843.75,720156.25,9114523.620605469	24.6	0.0	0	https://maxar-opendata.s3.amazonaws.com/events/volcano-indonesia21/ard/49/300020321013/2019-11-15/1050010019B44B00-visual.tif
2019-11-15 02:51:33+00:00	GE01	0.44	0.0.1	1050010019B44B00	49	300020321030	15.5	171.9	72.7	119.8	67.8	32749	713782.958984375,9104843.75,715156.25,9110156.25	7.2	0.0	0	https://maxar-opendata.s3.amazonaws.com/events/volcano-indonesia21/ard/49/300020321030/2019-11-15/1050010019B44B00-visual.tif
2019-11-15 02:51:33+00:00	GE01	0.44	0.0.1	1050010019B44B00	49	300020321102	15.3	173.5	73.0	119.8	67.8	32749	719843.75,9109843.75,725156.25,9114562.98828125	24.9	0.0	0	https://maxar-opendata.s3.amazonaws.com/events/volcano-indonesia21/ard/49/300020321102/2019-11-15/1050010019B44B00-visual.tif
2019-11-15 02:51:33+00:00	GE01	0.44	0.0.1	1050010019B44B00	49	300020321103	15.3	174.9	73.0	119.8	67.8	32749	724843.75,9109843.75,729927.3681640625,9114546.813964844	23.7	0.0	0	https://maxar-opendata.s3.amazonaws.com/events/volcano-indonesia21/ard/49/300020321103/2019-11-15/1050010019B44B00-visual.tif
2019-11-15 02:51:34+00:00	GE01	0.44	0.0.1	1050010019B44B00	49	300020321031	15.5	172.5	72.7	119.8	67.8	32749	714843.75,9104843.75,720156.25,9110156.25	28.2	0.0	0	https://maxar-opendata.s3.amazonaws.com/events/volcano-indonesia21/ard/49/300020321031/2019-11-15/1050010019B44B00-visual.tif
2019-11-15 02:51:34+00:00	GE01	0.44	0.0.1	1050010019B44B00	49	300020321120	15.5	174.0	72.8	119.8	67.8	32749	719843.75,9104843.75,725156.25,9110156.25	28.2	0.0	0	https://maxar-opendata.s3.amazonaws.com/events/volcano-indonesia21/ard/49/300020321120/2019-11-15/1050010019B44B00-visual.tif
2019-11-15 02:51:34+00:00	GE01	0.44	0.0.1	1050010019B44B00	49	300020321121	15.4	175.4	72.8	119.8	67.8	32749	724843.75,9104843.75,729901.4282226562,9110156.25	26.8	0.0	0	https://maxar-opendata.s3.amazonaws.com/events/volcano-indonesia21/ard/49/300020321121/2019-11-15/1050010019B44B00-visual.tif
2019-11-15 02:51:35+00:00	GE01	0.44	0.0.1	1050010019B44B00	49	300020321032	15.7	172.5	72.5	119.8	67.8	32749	713723.7548828125,9099843.75,715156.25,9105156.25	7.3	0.0	0	https://maxar-opendata.s3.amazonaws.com/events/volcano-indonesia21/ard/49/300020321032/2019-11-15/1050010019B44B00-visual.tif
2019-11-15 02:51:35+00:00	GE01	0.44	0.0.1	1050010019B44B00	49	300020321033	15.7	173.1	72.5	119.8	67.8	32749	714843.75,9099843.75,720156.25,9105156.25	28.2	0.0	0	https://maxar-opendata.s3.amazonaws.com/events/volcano-indonesia21/ard/49/300020321033/2019-11-15/1050010019B44B00-visual.tif
2019-11-15 02:51:35+00:00	GE01	0.44	0.0.1	1050010019B44B00	49	300020321122	15.7	174.6	72.6	119.8	67.8	32749	719843.75,9099843.75,725156.25,9105156.25	28.2	0.0	0	https://maxar-opendata.s3.amazonaws.com/events/volcano-indonesia21/ard/49/300020321122/2019-11-15/1050010019B44B00-visual.tif
2019-11-15 02:51:35+00:00	GE01	0.44	0.0.1	1050010019B44B00	49	300020321123	15.6	176.0	72.6	119.8	67.8	32749	724843.75,9099843.75,729881.8969726562,9105156.25	26.7	0.0	0	https://maxar-opendata.s3.amazonaws.com/events/volcano-indonesia21/ard/49/300020321123/2019-11-15/1050010019B44B00-visual.tif
2019-11-15 02:51:36+00:00	GE01	0.44	0.0.1	1050010019B44B00	49	300020321210	15.9	173.0	72.3	119.7	67.8	32749	713656.3110351562,9094843.75,715156.25,9100156.25	7.7	0.0	0	https://maxar-opendata.s3.amazonaws.com/events/volcano-indonesia21/ard/49/300020321210/2019-11-15/1050010019B44B00-visual.tif
2019-11-15 02:51:36+00:00	GE01	0.44	0.0.1	1050010019B44B00	49	300020321211	15.9	173.7	72.4	119.7	67.8	32749	714843.75,9094843.75,720156.25,9100156.25	28.2	0.0	0	https://maxar-opendata.s3.amazonaws.com/events/volcano-indonesia21/ard/49/300020321211/2019-11-15/1050010019B44B00-visual.tif
2019-11-15 02:51:36+00:00	GE01	0.44	0.0.1	1050010019B44B00	49	300020321300	15.8	175.1	72.4	119.7	67.8	32749	719843.75,9094843.75,725156.25,9100156.25	28.2	0.0	0	https://maxar-opendata.s3.amazonaws.com/events/volcano-indonesia21/ard/49/300020321300/2019-11-15/1050010019B44B00-visual.tif
2019-11-15 02:51:36+00:00	GE01	0.44	0.0.1	1050010019B44B00	49	300020321301	15.8	176.5	72.4	119.7	67.8	32749	724843.75,9094843.75,729864.8071289062,9100156.25	26.6	0.0	0	https://maxar-opendata.s3.amazonaws.com/events/volcano-indonesia21/ard/49/300020321301/2019-11-15/1050010019B44B00-visual.tif
2019-11-15 02:51:37+00:00	GE01	0.44	0.0.1	1050010019B44B00	49	300020321212	16.1	173.6	72.1	119.5	67.9	32749	713609.0087890625,9089843.75,715156.25,9095156.25	8.0	0.0	0	https://maxar-opendata.s3.amazonaws.com/events/volcano-indonesia21/ard/49/300020321212/2019-11-15/1050010019B44B00-visual.tif
2019-11-15 02:51:37+00:00	GE01	0.44	0.0.1	1050010019B44B00	49	300020321213	16.0	174.2	72.2	119.5	67.9	32749	714843.75,9089843.75,720156.25,9095156.25	28.2	0.0	0	https://maxar-opendata.s3.amazonaws.com/events/volcano-indonesia21/ard/49/300020321213/2019-11-15/1050010019B44B00-visual.tif
2019-11-15 02:51:37+00:00	GE01	0.44	0.0.1	1050010019B44B00	49	300020321302	16.0	175.6	72.2	119.5	67.9	32749	719843.75,9089843.75,725156.25,9095156.25	28.2	0.0	0	https://maxar-opendata.s3.amazonaws.com/events/volcano-indonesia21/ard/49/300020321302/2019-11-15/1050010019B44B00-visual.tif
2019-11-15 02:51:37+00:00	GE01	0.44	0.0.1	1050010019B44B00	49	300020321303	16.0	177.0	72.2	119.5	67.9	32749	724843.75,9089843.75,729848.0224609375,9095156.25	26.5	0.0	0	https://maxar-opendata.s3.amazonaws.com/events/volcano-indonesia21/ard/49/300020321303/2019-11-15/1050010019B44B00-visual.tif
2019-11-15 02:51:38+00:00	GE01	0.44	0.0.1	1050010019B44B00	49	300020321230	16.2	174.1	71.9	119.4	67.9	32749	713577.5756835938,9084843.75,715156.25,9090156.25	8.2	0.0	0	https://maxar-opendata.s3.amazonaws.com/events/volcano-indonesia21/ard/49/300020321230/2019-11-15/1050010019B44B00-visual.tif
2019-11-15 02:51:38+00:00	GE01	0.44	0.0.1	1050010019B44B00	49	300020321231	16.2	174.7	72.0	119.4	67.9	32749	714843.75,9084843.75,720156.25,9090156.25	28.2	0.0	0	https://maxar-opendata.s3.amazonaws.com/events/volcano-indonesia21/ard/49/300020321231/2019-11-15/1050010019B44B00-visual.tif
2019-11-15 02:51:38+00:00	GE01	0.44	0.0.1	1050010019B44B00	49	300020321320	16.2	176.2	72.0	119.4	67.9	32749	719843.75,9084843.75,725156.25,9090156.25	28.2	0.0	0	https://maxar-opendata.s3.amazonaws.com/events/volcano-indonesia21/ard/49/300020321320/2019-11-15/1050010019B44B00-visual.tif
2019-11-15 02:51:38+00:00	GE01	0.44	0.0.1	1050010019B44B00	49	300020321321	16.1	177.5	72.0	119.4	67.9	32749	724843.75,9084843.75,729830.9326171875,9090156.25	26.4	0.0	0	https://maxar-opendata.s3.amazonaws.com/events/volcano-indonesia21/ard/49/300020321321/2019-11-15/1050010019B44B00-visual.tif
2019-11-15 02:51:39+00:00	GE01	0.44	0.0.1	1050010019B44B00	49	300020321232	16.4	174.6	71.8	119.4	67.9	32749	713529.6630859375,9079843.75,715156.25,9085156.25	8.5	0.0	0	https://maxar-opendata.s3.amazonaws.com/events/volcano-indonesia21/ard/49/300020321232/2019-11-15/1050010019B44B00-visual.tif
2019-11-15 02:51:39+00:00	GE01	0.44	0.0.1	1050010019B44B00	49	300020321233	16.4	175.3	71.8	119.4	67.9	32749	714843.75,9079843.75,720156.25,9085156.25	28.2	0.0	0	https://maxar-opendata.s3.amazonaws.com/events/volcano-indonesia21/ard/49/300020321233/2019-11-15/1050010019B44B00-visual.tif
2019-11-15 02:51:39+00:00	GE01	0.44	0.0.1	1050010019B44B00	49	300020321322	16.3	176.7	71.8	119.4	67.9	32749	719843.75,9079843.75,725156.25,9085156.25	28.2	0.0	0	https://maxar-opendata.s3.amazonaws.com/events/volcano-indonesia21/ard/49/300020321322/2019-11-15/1050010019B44B00-visual.tif
2019-11-15 02:51:39+00:00	GE01	0.44	0.0.1	1050010019B44B00	49	300020321323	16.3	178.0	71.8	119.4	67.9	32749	724843.75,9079843.75,729813.5375976562,9085156.25	26.3	0.0	0	https://maxar-opendata.s3.amazonaws.com/events/volcano-indonesia21/ard/49/300020321323/2019-11-15/1050010019B44B00-visual.tif
2019-11-15 02:51:40+00:00	GE01	0.45	0.0.1	1050010019B44B00	49	300020323010	16.6	175.1	71.6	119.3	67.9	32749	713502.5024414062,9074843.75,715156.25,9080156.25	8.7	0.0	0	https://maxar-opendata.s3.amazonaws.com/events/volcano-indonesia21/ard/49/300020323010/2019-11-15/1050010019B44B00-visual.tif
2019-11-15 02:51:40+00:00	GE01	0.45	0.0.1	1050010019B44B00	49	300020323011	16.5	175.8	71.6	119.3	67.9	32749	714843.75,9074843.75,720156.25,9080156.25	28.2	0.0	0	https://maxar-opendata.s3.amazonaws.com/events/volcano-indonesia21/ard/49/300020323011/2019-11-15/1050010019B44B00-visual.tif
2019-11-15 02:51:40+00:00	GE01	0.44	0.0.1	1050010019B44B00	49	300020323100	16.5	177.1	71.6	119.3	67.9	32749	719843.75,9074843.75,725156.25,9080156.25	28.2	0.0	0	https://maxar-opendata.s3.amazonaws.com/events/volcano-indonesia21/ard/49/300020323100/2019-11-15/1050010019B44B00-visual.tif
2019-11-15 02:51:40+00:00	GE01	0.44	0.0.1	1050010019B44B00	49	300020323101	16.5	178.4	71.6	119.3	67.9	32749	724843.75,9074843.75,729797.9736328125,9080156.25	26.2	0.0	0	https://maxar-opendata.s3.amazonaws.com/events/volcano-indonesia21/ard/49/300020323101/2019-11-15/1050010019B44B00-visual.tif
2019-11-15 02:51:41+00:00	GE01	0.45	0.0.1	1050010019B44B00	49	300020323012	16.7	175.6	71.4	119.3	67.9	32749	713473.2055664062,9071033.325195312,715156.25,9075156.25	6.8	0.0	0	https://maxar-opendata.s3.amazonaws.com/events/volcano-indonesia21/ard/49/300020323012/2019-11-15/1050010019B44B00-visual.tif
2019-11-15 02:51:41+00:00	GE01	0.45	0.0.1	1050010019B44B00	49	300020323013	16.7	176.2	71.4	119.3	67.9	32749	714843.75,9070982.055664062,720156.25,9075156.25	22.0	0.0	0	https://maxar-opendata.s3.amazonaws.com/events/volcano-indonesia21/ard/49/300020323013/2019-11-15/1050010019B44B00-visual.tif
2019-11-15 02:51:41+00:00	GE01	0.45	0.0.1	1050010019B44B00	49	300020323102	16.7	177.6	71.5	119.3	67.9	32749	719843.75,9070932.312011719,725156.25,9075156.25	22.2	0.0	0	https://maxar-opendata.s3.amazonaws.com/events/volcano-indonesia21/ard/49/300020323102/2019-11-15/1050010019B44B00-visual.tif
2019-11-15 02:51:41+00:00	GE01	0.45	0.0.1	1050010019B44B00	49	300020323103	16.6	178.8	71.5	119.3	67.9	32749	724843.75,9070887.451171875,729782.4096679688,9075156.25	20.9	0.0	0	https://maxar-opendata.s3.amazonaws.com/events/volcano-indonesia21/ard/49/300020323103/2019-11-15/1050010019B44B00-visual.tif
2021-07-12 02:50:48+00:00	WV02	0.56	0.0.1	10300100C2996600	49	300020323011	25.2	185.5	61.5	39.3	50.7	32749	719258.4228515625,9076462.097167969,720156.25,9080156.25	3.2	0.0	0	https://maxar-opendata.s3.amazonaws.com/events/volcano-indonesia21/ard/49/300020323011/2021-07-12/10300100C2996600-visual.tif
2021-07-12 02:50:48+00:00	WV02	0.56	0.0.1	10300100C2996600	49	300020323100	25.1	185.7	61.5	39.3	50.7	32749	719843.75,9076477.661132812,725156.25,9080156.25	19.1	0.0	0	https://maxar-opendata.s3.amazonaws.com/events/volcano-indonesia21/ard/49/300020323100/2021-07-12/10300100C2996600-visual.tif
2021-07-12 02:50:48+00:00	WV02	0.56	0.0.1	10300100C2996600	49	300020323101	25.2	186.5	61.5	39.3	50.7	32749	724843.75,9076614.074707031,730156.25,9080156.25	18.4	0.0	0	https://maxar-opendata.s3.amazonaws.com/events/volcano-indonesia21/ard/49/300020323101/2021-07-12/10300100C2996600-visual.tif
2021-07-12 02:50:48+00:00	WV02	0.56	0.0.1	10300100C2996600	49	300020323110	25.2	187.2	61.4	39.3	50.7	32749	729843.75,9076752.319335938,735156.25,9080156.25	17.6	0.0	0	https://maxar-opendata.s3.amazonaws.com/events/volcano-indonesia21/ard/49/300020323110/2021-07-12/10300100C2996600-visual.tif
2021-07-12 02:50:48+00:00	WV02	0.56	0.0.1	10300100C2996600	49	300020323111	25.3	187.7	61.4	39.3	50.7	32749	734843.75,9076893.005371094,737688.2934570312,9080156.25	9.0	0.0	0	https://maxar-opendata.s3.amazonaws.com/events/volcano-indonesia21/ard/49/300020323111/2021-07-12/10300100C2996600-visual.tif
2021-07-12 02:50:49+00:00	WV02	0.56	0.0.1	10300100C2996600	49	300020321231	26.0	185.4	60.6	39.3	50.8	32749	719193.115234375,9084843.75,720156.25,9090156.25	4.9	2.8	57	https://maxar-opendata.s3.amazonaws.com/events/volcano-indonesia21/ard/49/300020321231/2021-07-12/10300100C2996600-visual.tif
2021-07-12 02:50:49+00:00	WV02	0.56	0.0.1	10300100C2996600	49	300020321233	25.5	185.4	61.1	39.3	50.7	32749	719226.9897460938,9079843.75,720156.25,9085156.25	4.8	1.4	29	https://maxar-opendata.s3.amazonaws.com/events/volcano-indonesia21/ard/49/300020321233/2021-07-12/10300100C2996600-visual.tif
2021-07-12 02:50:49+00:00	WV02	0.57	0.0.1	10300100C2996600	49	300020321313	26.5	187.6	60.0	39.3	50.8	32749	734843.75,9089843.75,737890.625,9095156.25	15.9	5.2	32	https://maxar-opendata.s3.amazonaws.com/events/volcano-indonesia21/ard/49/300020321313/2021-07-12/10300100C2996600-visual.tif
2021-07-12 02:50:49+00:00	WV02	0.56	0.0.1	10300100C2996600	49	300020321320	26.0	185.6	60.6	39.3	50.8	32749	719843.75,9084843.75,725156.25,9090156.25	28.2	11.5	40	https://maxar-opendata.s3.amazonaws.com/events/volcano-indonesia21/ard/49/300020321320/2021-07-12/10300100C2996600-visual.tif
2021-07-12 02:50:49+00:00	WV02	0.56	0.0.1	10300100C2996600	49	300020321321	26.0	186.4	60.6	39.3	50.8	32749	724843.75,9084843.75,730156.25,9090156.25	28.2	7.2	25	https://maxar-opendata.s3.amazonaws.com/events/volcano-indonesia21/ard/49/300020321321/2021-07-12/10300100C2996600-visual.tif
2021-07-12 02:50:49+00:00	WV02	0.56	0.0.1	10300100C2996600	49	300020321322	25.5	185.7	61.1	39.3	50.7	32749	719843.75,9079843.75,725156.25,9085156.25	28.2	1.9	6	https://maxar-opendata.s3.amazonaws.com/events/volcano-indonesia21/ard/49/300020321322/2021-07-12/10300100C2996600-visual.tif
2021-07-12 02:50:49+00:00	WV02	0.56	0.0.1	10300100C2996600	49	300020321323	25.5	186.4	61.1	39.3	50.7	32749	724843.75,9079843.75,730156.25,9085156.25	28.2	0.0	0	https://maxar-opendata.s3.amazonaws.com/events/volcano-indonesia21/ard/49/300020321323/2021-07-12/10300100C2996600-visual.tif
2021-07-12 02:50:49+00:00	WV02	0.56	0.0.1	10300100C2996600	49	300020321330	26.0	187.1	60.5	39.3	50.8	32749	729843.75,9084843.75,735156.25,9090156.25	28.2	6.4	22	https://maxar-opendata.s3.amazonaws.com/events/volcano-indonesia21/ard/49/300020321330/2021-07-12/10300100C2996600-visual.tif
2021-07-12 02:50:49+00:00	WV02	0.56	0.0.1	10300100C2996600	49	300020321331	26.0	187.7	60.5	39.3	50.8	32749	734843.75,9084843.75,737821.3500976562,9090156.25	15.6	3.4	21	https://maxar-opendata.s3.amazonaws.com/events/volcano-indonesia21/ard/49/300020321331/2021-07-12/10300100C2996600-visual.tif
2021-07-12 02:50:49+00:00	WV02	0.56	0.0.1	10300100C2996600	49	300020321332	25.6	187.2	61.1	39.3	50.7	32749	729843.75,9079843.75,735156.25,9085156.25	28.2	0.0	0	https://maxar-opendata.s3.amazonaws.com/events/volcano-indonesia21/ard/49/300020321332/2021-07-12/10300100C2996600-visual.tif
2021-07-12 02:50:49+00:00	WV02	0.56	0.0.1	10300100C2996600	49	300020321333	25.6	187.7	61.0	39.3	50.7	32749	734843.75,9079843.75,737755.4321289062,9085156.25	15.2	0.0	0	https://maxar-opendata.s3.amazonaws.com/events/volcano-indonesia21/ard/49/300020321333/2021-07-12/10300100C2996600-visual.tif
2021-07-12 02:50:50+00:00	WV02	0.58	0.0.1	10300100C2996600	49	300020321033	27.3	185.3	59.0	39.5	50.8	32749	719150.0854492188,9099843.75,720156.25,9105156.25	5.3	0.0	0	https://maxar-opendata.s3.amazonaws.com/events/volcano-indonesia21/ard/49/300020321033/2021-07-12/10300100C2996600-visual.tif
2021-07-12 02:50:50+00:00	WV02	0.58	0.0.1	10300100C2996600	49	300020321122	27.3	185.6	59.0	39.5	50.8	32749	719843.75,9099843.75,725156.25,9105156.25	28.2	0.3	1	https://maxar-opendata.s3.amazonaws.com/events/volcano-indonesia21/ard/49/300020321122/2021-07-12/10300100C2996600-visual.tif
2021-07-12 02:50:50+00:00	WV02	0.58	0.0.1	10300100C2996600	49	300020321123	27.3	186.3	59.0	39.5	50.8	32749	724843.75,9099843.75,730156.25,9105156.25	28.2	0.9	3	https://maxar-opendata.s3.amazonaws.com/events/volcano-indonesia21/ard/49/300020321123/2021-07-12/10300100C2996600-visual.tif
2021-07-12 02:50:50+00:00	WV02	0.58	0.0.1	10300100C2996600	49	300020321132	27.3	187.0	59.0	39.5	50.8	32749	729843.75,9099843.75,735156.25,9105156.25	28.2	2.4	8	https://maxar-opendata.s3.amazonaws.com/events/volcano-indonesia21/ard/49/300020321132/2021-07-12/10300100C2996600-visual.tif
2021-07-12 02:50:50+00:00	WV02	0.58	0.0.1	10300100C2996600	49	300020321133	27.3	187.5	59.0	39.5	50.8	32749	734843.75,9099843.75,738042.9077148438,9105156.25	16.7	4.0	24	https://maxar-opendata.s3.amazonaws.com/events/volcano-indonesia21/ard/49/300020321133/2021-07-12/10300100C2996600-visual.tif
2021-07-12 02:50:50+00:00	WV02	0.57	0.0.1	10300100C2996600	49	300020321211	26.9	185.3	59.5	39.4	50.8	32749	719159.5458984375,9094843.75,720156.25,9100156.25	5.2	1.7	34	https://maxar-opendata.s3.amazonaws.com/events/volcano-indonesia21/ard/49/300020321211/2021-07-12/10300100C2996600-visual.tif
2021-07-12 02:50:50+00:00	WV02	0.57	0.0.1	10300100C2996600	49	300020321213	26.4	185.4	60.0	39.3	50.8	32749	719179.9926757812,9089843.75,720156.25,9095156.25	5.1	1.3	26	https://maxar-opendata.s3.amazonaws.com/events/volcano-indonesia21/ard/49/300020321213/2021-07-12/10300100C2996600-visual.tif
2021-07-12 02:50:50+00:00	WV02	0.57	0.0.1	10300100C2996600	49	300020321300	26.9	185.6	59.5	39.4	50.8	32749	719843.75,9094843.75,725156.25,9100156.25	28.2	6.7	23	https://maxar-opendata.s3.amazonaws.com/events/volcano-indonesia21/ard/49/300020321300/2021-07-12/10300100C2996600-visual.tif
2021-07-12 02:50:50+00:00	WV02	0.57	0.0.1	10300100C2996600	49	300020321301	26.9	186.3	59.5	39.4	50.8	32749	724843.75,9094843.75,730156.25,9100156.25	28.2	6.4	22	https://maxar-opendata.s3.amazonaws.com/events/volcano-indonesia21/ard/49/300020321301/2021-07-12/10300100C2996600-visual.tif
2021-07-12 02:50:50+00:00	WV02	0.57	0.0.1	10300100C2996600	49	300020321302	26.4	185.6	60.1	39.3	50.8	32749	719843.75,9089843.75,725156.25,9095156.25	28.2	10.1	36	https://maxar-opendata.s3.amazonaws.com/events/volcano-indonesia21/ard/49/300020321302/2021-07-12/10300100C2996600-visual.tif
2021-07-12 02:50:50+00:00	WV02	0.57	0.0.1	10300100C2996600	49	300020321303	26.4	186.3	60.0	39.3	50.8	32749	724843.75,9089843.75,730156.25,9095156.25	28.2	10.1	36	https://maxar-opendata.s3.amazonaws.com/events/volcano-indonesia21/ard/49/300020321303/2021-07-12/10300100C2996600-visual.tif
2021-07-12 02:50:50+00:00	WV02	0.57	0.0.1	10300100C2996600	49	300020321310	26.9	187.0	59.5	39.4	50.8	32749	729843.75,9094843.75,735156.25,9100156.25	28.2	4.0	14	https://maxar-opendata.s3.amazonaws.com/events/volcano-indonesia21/ard/49/300020321310/2021-07-12/10300100C2996600-visual.tif
2021-07-12 02:50:50+00:00	WV02	0.57	0.0.1	10300100C2996600	49	300020321311	26.9	187.5	59.5	39.4	50.8	32749	734843.75,9094843.75,737966.6137695312,9100156.25	16.3	4.2	26	https://maxar-opendata.s3.amazonaws.com/events/volcano-indonesia21/ard/49/300020321311/2021-07-12/10300100C2996600-visual.tif
2021-07-12 02:50:50+00:00	WV02	0.57	0.0.1	10300100C2996600	49	300020321312	26.5	187.1	60.0	39.3	50.8	32749	729843.75,9089843.75,735156.25,9095156.25	28.2	11.2	39	https://maxar-opendata.s3.amazonaws.com/events/volcano-indonesia21/ard/49/300020321312/2021-07-12/10300100C2996600-visual.tif
2021-07-12 02:50:51+00:00	WV02	0.59	0.0.1	10300100C2996600	49	300020321011	28.4	185.3	57.8	39.5	51.0	32749	719067.0776367188,9114843.75,720156.25,9116627.197265625	1.8	0.0	0	https://maxar-opendata.s3.amazonaws.com/events/volcano-indonesia21/ard/49/300020321011/2021-07-12/10300100C2996600-visual.tif
2021-07-12 02:50:51+00:00	WV02	0.58	0.0.1	10300100C2996600	49	300020321013	28.2	185.3	58.0	39.5	51.0	32749	719074.4018554688,9109843.75,720156.25,9115156.25	5.5	0.0	0	https://maxar-opendata.s3.amazonaws.com/events/volcano-indonesia21/ard/49/300020321013/2021-07-12/10300100C2996600-visual.tif
2021-07-12 02:50:51+00:00	WV02	0.58	0.0.1	10300100C2996600	49	300020321031	27.8	185.3	58.5	39.5	50.9	32749	719120.1782226562,9104843.75,720156.25,9110156.25	5.4	0.0	0	https://maxar-opendata.s3.amazonaws.com/events/volcano-indonesia21/ard/49/300020321031/2021-07-12/10300100C2996600-visual.tif
2021-07-12 02:50:51+00:00	WV02	0.58	0.0.1	10300100C2996600	49	300020321102	28.2	185.5	58.0	39.5	51.0	32749	719843.75,9109843.75,725156.25,9115156.25	28.2	0.0	0	https://maxar-opendata.s3.amazonaws.com/events/volcano-indonesia21/ard/49/300020321102/2021-07-12/10300100C2996600-visual.tif
2021-07-12 02:50:51+00:00	WV02	0.59	0.0.1	10300100C2996600	49	300020321103	28.2	186.2	58.0	39.5	51.0	32749	724843.75,9109843.75,730156.25,9115156.25	28.2	0.0	0	https://maxar-opendata.s3.amazonaws.com/events/volcano-indonesia21/ard/49/300020321103/2021-07-12/10300100C2996600-visual.tif
2021-07-12 02:50:51+00:00	WV02	0.59	0.0.1	10300100C2996600	49	300020321111	28.5	187.3	57.7	39.5	51.0	32749	734843.75,9114843.75,738195.1904296875,9117943.420410156	9.8	0.0	0	https://maxar-opendata.s3.amazonaws.com/events/volcano-indonesia21/ard/49/300020321111/2021-07-12/10300100C2996600-visual.tif
2021-07-12 02:50:51+00:00	WV02	0.59	0.0.1	10300100C2996600	49	300020321112	28.2	186.9	58.0	39.5	51.0	32749	729843.75,9109843.75,735156.25,9115156.25	28.2	2.6	9	https://maxar-opendata.s3.amazonaws.com/events/volcano-indonesia21/ard/49/300020321112/2021-07-12/10300100C2996600-visual.tif
2021-07-12 02:50:51+00:00	WV02	0.59	0.0.1	10300100C2996600	49	300020321113	28.2	187.4	58.0	39.5	51.0	32749	734843.75,9109843.75,738157.958984375,9115156.25	17.4	0.5	3	https://maxar-opendata.s3.amazonaws.com/events/volcano-indonesia21/ard/49/300020321113/2021-07-12/10300100C2996600-visual.tif
2021-07-12 02:50:51+00:00	WV02	0.58	0.0.1	10300100C2996600	49	300020321120	27.7	185.5	58.5	39.5	50.9	32749	719843.75,9104843.75,725156.25,9110156.25	28.2	0.3	1	https://maxar-opendata.s3.amazonaws.com/events/volcano-indonesia21/ard/49/300020321120/2021-07-12/10300100C2996600-visual.tif
2021-07-12 02:50:51+00:00	WV02	0.58	0.0.1	10300100C2996600	49	300020321121	27.7	186.2	58.5	39.5	50.9	32749	724843.75,9104843.75,730156.25,9110156.25	28.2	0.4	1	https://maxar-opendata.s3.amazonaws.com/events/volcano-indonesia21/ard/49/300020321121/2021-07-12/10300100C2996600-visual.tif
2021-07-12 02:50:51+00:00	WV02	0.58	0.0.1	10300100C2996600	49	300020321130	27.8	186.9	58.5	39.5	50.8	32749	729843.75,9104843.75,735156.25,9110156.25	28.2	1.9	6	https://maxar-opendata.s3.amazonaws.com/events/volcano-indonesia21/ard/49/300020321130/2021-07-12/10300100C2996600-visual.tif
2021-07-12 02:50:51+00:00	WV02	0.58	0.0.1	10300100C2996600	49	300020321131	27.8	187.4	58.5	39.5	50.8	32749	734843.75,9104843.75,738111.572265625,9110156.25	17.1	2.2	13	https://maxar-opendata.s3.amazonaws.com/events/volcano-indonesia21/ard/49/300020321131/2021-07-12/10300100C2996600-visual.tif
2021-07-12 02:50:52+00:00	WV02	0.59	0.0.1	10300100C2996600	49	300020321100	28.4	185.5	57.7	39.5	51.0	32749	719843.75,9114843.75,725156.25,9117030.029296875	10.6	0.0	0	https://maxar-opendata.s3.amazonaws.com/events/volcano-indonesia21/ard/49/300020321100/2021-07-12/10300100C2996600-visual.tif
2021-07-12 02:50:52+00:00	WV02	0.59	0.0.1	10300100C2996600	49	300020321101	28.5	186.2	57.7	39.5	51.0	32749	724843.75,9114843.75,730156.25,9117360.534667969	12.3	0.0	0	https://maxar-opendata.s3.amazonaws.com/events/volcano-indonesia21/ard/49/300020321101/2021-07-12/10300100C2996600-visual.tif
2021-07-12 02:50:52+00:00	WV02	0.59	0.0.1	10300100C2996600	49	300020321110	28.5	186.8	57.6	39.5	51.0	32749	729843.75,9114843.75,735156.25,9117686.157226562	13.9	0.0	0	https://maxar-opendata.s3.amazonaws.com/events/volcano-indonesia21/ard/49/300020321110/2021-07-12/10300100C2996600-visual.tif
2021-12-08 02:59:16+00:00	WV02	0.56	0.0.1	10300100CA7F9E00	49	300020320113	25.9	343.7	60.6	129.3	65.6	32749	698587.9516601562,9109843.75,700156.25,9112751.770019531	4.4	0.0	0	https://maxar-opendata.s3.amazonaws.com/events/volcano-indonesia21/ard/49/300020320113/2021-12-08/10300100CA7F9E00-visual.tif
2021-12-08 02:59:16+00:00	WV02	0.56	0.0.1	10300100CA7F9E00	49	300020320131	26.0	343.8	60.5	129.3	65.6	32749	698547.0581054688,9104843.75,700156.25,9110156.25	8.4	0.0	0	https://maxar-opendata.s3.amazonaws.com/events/volcano-indonesia21/ard/49/300020320131/2021-12-08/10300100CA7F9E00-visual.tif
2021-12-08 02:59:16+00:00	WV02	0.56	0.0.1	10300100CA7F9E00	49	300020321002	26.0	343.4	60.6	129.3	65.6	32749	699843.75,9109843.75,705156.25,9112694.091796875	14.3	0.0	0	https://maxar-opendata.s3.amazonaws.com/events/volcano-indonesia21/ard/49/300020321002/2021-12-08/10300100CA7F9E00-visual.tif
2021-12-08 02:59:16+00:00	WV02	0.56	0.0.1	10300100CA7F9E00	49	300020321003	26.1	342.7	60.5	129.3	65.6	32749	704843.75,9109843.75,710156.25,9112501.525878906	13.6	2.8	20	https://maxar-opendata.s3.amazonaws.com/events/volcano-indonesia21/ard/49/300020321003/2021-12-08/10300100CA7F9E00-visual.tif
2021-12-08 02:59:16+00:00	WV02	0.56	0.0.1	10300100CA7F9E00	49	300020321012	26.2	342.0	60.3	129.3	65.6	32749	709843.75,9109843.75,715156.25,9112478.332519531	12.7	0.6	4	https://maxar-opendata.s3.amazonaws.com/events/volcano-indonesia21/ard/49/300020321012/2021-12-08/10300100CA7F9E00-visual.tif
2021-12-08 02:59:16+00:00	WV02	0.56	0.0.1	10300100CA7F9E00	49	300020321013	26.3	341.7	60.2	129.3	65.6	32749	714843.75,9109843.75,717158.203125,9111934.509277344	4.3	1.0	23	https://maxar-opendata.s3.amazonaws.com/events/volcano-indonesia21/ard/49/300020321013/2021-12-08/10300100CA7F9E00-visual.tif
2021-12-08 02:59:16+00:00	WV02	0.56	0.0.1	10300100CA7F9E00	49	300020321020	26.1	343.4	60.5	129.3	65.6	32749	699843.75,9104843.75,705156.25,9110156.25	28.2	3.2	11	https://maxar-opendata.s3.amazonaws.com/events/volcano-indonesia21/ard/49/300020321020/2021-12-08/10300100CA7F9E00-visual.tif
2021-12-08 02:59:16+00:00	WV02	0.56	0.0.1	10300100CA7F9E00	49	300020321021	26.2	342.7	60.4	129.3	65.6	32749	704843.75,9104843.75,710156.25,9110156.25	28.2	17.2	61	https://maxar-opendata.s3.amazonaws.com/events/volcano-indonesia21/ard/49/300020321021/2021-12-08/10300100CA7F9E00-visual.tif
2021-12-08 02:59:16+00:00	WV02	0.56	0.0.1	10300100CA7F9E00	49	300020321030	26.3	342.0	60.2	129.3	65.6	32749	709843.75,9104843.75,715156.25,9110156.25	28.2	2.8	9	https://maxar-opendata.s3.amazonaws.com/events/volcano-indonesia21/ard/49/300020321030/2021-12-08/10300100CA7F9E00-visual.tif
2021-12-08 02:59:16+00:00	WV02	0.56	0.0.1	10300100CA7F9E00	49	300020321031	26.3	341.6	60.2	129.3	65.6	32749	714843.75,9104843.75,717208.251953125,9110156.25	12.3	3.8	31	https://maxar-opendata.s3.amazonaws.com/events/volcano-indonesia21/ard/49/300020321031/2021-12-08/10300100CA7F9E00-visual.tif
2021-12-08 02:59:17+00:00	WV02	0.56	0.0.1	10300100CA7F9E00	49	300020320133	26.1	343.8	60.4	129.2	65.7	32749	698524.7802734375,9099843.75,700156.25,9105156.25	8.5	0.3	3	https://maxar-opendata.s3.amazonaws.com/events/volcano-indonesia21/ard/49/300020320133/2021-12-08/10300100CA7F9E00-visual.tif
2021-12-08 02:59:17+00:00	WV02	0.57	0.0.1	10300100CA7F9E00	49	300020320311	26.3	343.8	60.2	129.2	65.7	32749	698507.9956054688,9094843.75,700156.25,9100156.25	8.6	0.2	3	https://maxar-opendata.s3.amazonaws.com/events/volcano-indonesia21/ard/49/300020320311/2021-12-08/10300100CA7F9E00-visual.tif
2021-12-08 02:59:17+00:00	WV02	0.56	0.0.1	10300100CA7F9E00	49	300020321022	26.2	343.4	60.3	129.2	65.7	32749	699843.75,9099843.75,705156.25,9105156.25	28.2	7.4	26	https://maxar-opendata.s3.amazonaws.com/events/volcano-indonesia21/ard/49/300020321022/2021-12-08/10300100CA7F9E00-visual.tif
2021-12-08 02:59:17+00:00	WV02	0.57	0.0.1	10300100CA7F9E00	49	300020321023	26.3	342.7	60.2	129.2	65.7	32749	704843.75,9099843.75,710156.25,9105156.25	28.2	26.4	93	https://maxar-opendata.s3.amazonaws.com/events/volcano-indonesia21/ard/49/300020321023/2021-12-08/10300100CA7F9E00-visual.tif
2021-12-08 02:59:17+00:00	WV02	0.57	0.0.1	10300100CA7F9E00	49	300020321032	26.4	342.0	60.1	129.2	65.7	32749	709843.75,9099843.75,715156.25,9105156.25	28.2	16.6	59	https://maxar-opendata.s3.amazonaws.com/events/volcano-indonesia21/ard/49/300020321032/2021-12-08/10300100CA7F9E00-visual.tif
2021-12-08 02:59:17+00:00	WV02	0.57	0.0.1	10300100CA7F9E00	49	300020321033	26.4	341.6	60.0	129.2	65.7	32749	714843.75,9099843.75,717207.3364257812,9105156.25	12.4	11.7	94	https://maxar-opendata.s3.amazonaws.com/events/volcano-indonesia21/ard/49/300020321033/2021-12-08/10300100CA7F9E00-visual.tif
2021-12-08 02:59:17+00:00	WV02	0.57	0.0.1	10300100CA7F9E00	49	300020321200	26.3	343.4	60.2	129.2	65.7	32749	699843.75,9094843.75,705156.25,9100156.25	28.2	3.4	12	https://maxar-opendata.s3.amazonaws.com/events/volcano-indonesia21/ard/49/300020321200/2021-12-08/10300100CA7F9E00-visual.tif
2021-12-08 02:59:17+00:00	WV02	0.57	0.0.1	10300100CA7F9E00	49	300020321201	26.4	342.7	60.1	129.2	65.7	32749	704843.75,9094843.75,710156.25,9100156.25	28.2	22.4	79	https://maxar-opendata.s3.amazonaws.com/events/volcano-indonesia21/ard/49/300020321201/2021-12-08/10300100CA7F9E00-visual.tif
2021-12-08 02:59:17+00:00	WV02	0.57	0.0.1	10300100CA7F9E00	49	300020321210	26.5	342.1	60.0	129.2	65.7	32749	709843.75,9094843.75,715156.25,9100156.25	28.2	26.5	94	https://maxar-opendata.s3.amazonaws.com/events/volcano-indonesia21/ard/49/300020321210/2021-12-08/10300100CA7F9E00-visual.tif
2021-12-08 02:59:17+00:00	WV02	0.57	0.0.1	10300100CA7F9E00	49	300020321211	26.6	341.6	59.9	129.2	65.7	32749	714843.75,9094843.75,717256.4697265625,9100156.25	12.6	12.5	99	https://maxar-opendata.s3.amazonaws.com/events/volcano-indonesia21/ard/49/300020321211/2021-12-08/10300100CA7F9E00-visual.tif
2021-12-08 02:59:18+00:00	WV02	0.57	0.0.1	10300100CA7F9E00	49	300020320313	26.4	343.8	60.1	129.1	65.7	32749	698482.9711914062,9089843.75,700156.25,9095156.25	8.7	0.0	0	https://maxar-opendata.s3.amazonaws.com/events/volcano-indonesia21/ard/49/300020320313/2021-12-08/10300100CA7F9E00-visual.tif
2021-12-08 02:59:18+00:00	WV02	0.57	0.0.1	10300100CA7F9E00	49	300020320331	26.5	343.7	60.0	129.1	65.7	32749	698460.3881835938,9086795.959472656,700156.25,9090156.25	5.5	0.3	6	https://maxar-opendata.s3.amazonaws.com/events/volcano-indonesia21/ard/49/300020320331/2021-12-08/10300100CA7F9E00-visual.tif
2021-12-08 02:59:18+00:00	WV02	0.57	0.0.1	10300100CA7F9E00	49	300020321202	26.4	343.5	60.0	129.1	65.7	32749	699843.75,9089843.75,705156.25,9095156.25	28.2	0.8	2	https://maxar-opendata.s3.amazonaws.com/events/volcano-indonesia21/ard/49/300020321202/2021-12-08/10300100CA7F9E00-visual.tif
2021-12-08 02:59:18+00:00	WV02	0.57	0.0.1	10300100CA7F9E00	49	300020321203	26.5	342.8	59.9	129.1	65.7	32749	704843.75,9089843.75,710156.25,9095156.25	28.2	10.8	38	https://maxar-opendata.s3.amazonaws.com/events/volcano-indonesia21/ard/49/300020321203/2021-12-08/10300100CA7F9E00-visual.tif
2021-12-08 02:59:18+00:00	WV02	0.57	0.0.1	10300100CA7F9E00	49	300020321212	26.6	342.1	59.8	129.1	65.7	32749	709843.75,9089843.75,715156.25,9095156.25	28.2	17.5	62	https://maxar-opendata.s3.amazonaws.com/events/volcano-indonesia21/ard/49/300020321212/2021-12-08/10300100CA7F9E00-visual.tif
2021-12-08 02:59:18+00:00	WV02	0.57	0.0.1	10300100CA7F9E00	49	300020321213	26.7	341.6	59.7	129.1	65.7	32749	714843.75,9089843.75,717277.83203125,9095156.25	12.8	12.3	95	https://maxar-opendata.s3.amazonaws.com/events/volcano-indonesia21/ard/49/300020321213/2021-12-08/10300100CA7F9E00-visual.tif
2021-12-08 02:59:18+00:00	WV02	0.57	0.0.1	10300100CA7F9E00	49	300020321220	26.5	343.5	59.9	129.1	65.7	32749	699843.75,9086257.019042969,705156.25,9090156.25	19.0	1.8	9	https://maxar-opendata.s3.amazonaws.com/events/volcano-indonesia21/ard/49/300020321220/2021-12-08/10300100CA7F9E00-visual.tif
2021-12-08 02:59:18+00:00	WV02	0.57	0.0.1	10300100CA7F9E00	49	300020321221	26.7	342.8	59.8	129.1	65.7	32749	704843.75,9085663.452148438,710156.25,9090156.25	22.2	1.2	5	https://maxar-opendata.s3.amazonaws.com/events/volcano-indonesia21/ard/49/300020321221/2021-12-08/10300100CA7F9E00-visual.tif
2021-12-08 02:59:18+00:00	WV02	0.57	0.0.1	10300100CA7F9E00	49	300020321230	26.8	342.1	59.7	129.1	65.7	32749	709843.75,9085236.206054688,715156.25,9090156.25	24.8	14.5	58	https://maxar-opendata.s3.amazonaws.com/events/volcano-indonesia21/ard/49/300020321230/2021-12-08/10300100CA7F9E00-visual.tif
2021-12-08 02:59:18+00:00	WV02	0.57	0.0.1	10300100CA7F9E00	49	300020321231	26.8	341.7	59.6	129.1	65.7	32749	714843.75,9084843.75,717389.2211914062,9090156.25	12.5	10.7	85	https://maxar-opendata.s3.amazonaws.com/events/volcano-indonesia21/ard/49/300020321231/2021-12-08/10300100CA7F9E00-visual.tif
2021-12-08 02:59:18+00:00	WV02	0.57	0.0.1	10300100CA7F9E00	49	300020321233	26.8	341.7	59.6	129.1	65.7	32749	715548.095703125,9084789.428710938,717389.5263671875,9085156.25	0.3	0.2	61	https://maxar-opendata.s3.amazonaws.com/events/volcano-indonesia21/ard/49/300020321233/2021-12-08/10300100CA7F9E00-visual.tif
2021-12-10 03:13:37+00:00	GE01	0.63	0.0.1	1050010028AC8900	49	300020321202	38.0	261.8	47.1	134.4	68.1	32749	699843.75,9092013.854980469,705156.25,9095156.25	15.8	9.5	60	https://maxar-opendata.s3.amazonaws.com/events/volcano-indonesia21/ard/49/300020321202/2021-12-10/1050010028AC8900-visual.tif
2021-12-10 03:13:37+00:00	GE01	0.64	0.0.1	1050010028AC8900	49	300020321203	38.2	261.8	46.8	134.4	68.1	32749	704843.75,9092301.025390625,710156.25,9095156.25	14.3	5.0	35	https://maxar-opendata.s3.amazonaws.com/events/volcano-indonesia21/ard/49/300020321203/2021-12-10/1050010028AC8900-visual.tif
2021-12-10 03:13:37+00:00	GE01	0.64	0.0.1	1050010028AC8900	49	300020321212	38.5	261.9	46.5	134.4	68.1	32749	709843.75,9092593.688964844,715156.25,9095156.25	12.7	6.4	50	https://maxar-opendata.s3.amazonaws.com/events/volcano-indonesia21/ard/49/300020321212/2021-12-10/1050010028AC8900-visual.tif
2021-12-10 03:13:37+00:00	GE01	0.65	0.0.1	1050010028AC8900	49	300020321213	38.7	261.9	46.3	134.4	68.1	32749	714843.75,9092888.793945312,720156.25,9095156.25	11.2	4.0	35	https://maxar-opendata.s3.amazonaws.com/events/volcano-indonesia21/ard/49/300020321213/2021-12-10/1050010028AC8900-visual.tif
2021-12-10 03:13:37+00:00	GE01	0.65	0.0.1	1050010028AC8900	49	300020321302	38.9	261.9	46.0	134.4	68.1	32749	719843.75,9093183.898925781,725156.25,9095156.25	9.5	3.9	41	https://maxar-opendata.s3.amazonaws.com/events/volcano-indonesia21/ard/49/300020321302/2021-12-10/1050010028AC8900-visual.tif
2021-12-10 03:13:38+00:00	GE01	0.63	0.0.1	1050010028AC8900	49	300020320311	38.0	260.8	47.1	134.5	68.0	32749	698222.3510742188,9094843.75,700156.25,9100156.25	9.8	6.9	70	https://maxar-opendata.s3.amazonaws.com/events/volcano-indonesia21/ard/49/300020320311/2021-12-10/1050010028AC8900-visual.tif
2021-12-10 03:13:38+00:00	GE01	0.63	0.0.1	1050010028AC8900	49	300020320313	37.9	261.6	47.2	134.4	68.1	32749	698368.2250976562,9091936.340332031,700156.25,9095156.25	5.5	5.1	94	https://maxar-opendata.s3.amazonaws.com/events/volcano-indonesia21/ard/49/300020320313/2021-12-10/1050010028AC8900-visual.tif
2021-12-10 03:13:38+00:00	GE01	0.63	0.0.1	1050010028AC8900	49	300020321200	38.1	260.9	47.0	134.5	68.0	32749	699843.75,9094843.75,705156.25,9100156.25	28.2	11.5	41	https://maxar-opendata.s3.amazonaws.com/events/volcano-indonesia21/ard/49/300020321200/2021-12-10/1050010028AC8900-visual.tif
2021-12-10 03:13:38+00:00	GE01	0.64	0.0.1	1050010028AC8900	49	300020321201	38.3	261.0	46.7	134.4	68.1	32749	704843.75,9094843.75,710156.25,9100156.25	28.2	16.3	57	https://maxar-opendata.s3.amazonaws.com/events/volcano-indonesia21/ard/49/300020321201/2021-12-10/1050010028AC8900-visual.tif
2021-12-10 03:13:38+00:00	GE01	0.64	0.0.1	1050010028AC8900	49	300020321210	38.6	261.1	46.4	134.4	68.1	32749	709843.75,9094843.75,715156.25,9100156.25	28.2	12.6	44	https://maxar-opendata.s3.amazonaws.com/events/volcano-indonesia21/ard/49/300020321210/2021-12-10/1050010028AC8900-visual.tif
2021-12-10 03:13:38+00:00	GE01	0.65	0.0.1	1050010028AC8900	49	300020321211	38.8	261.3	46.2	134.4	68.1	32749	714843.75,9094843.75,720156.25,9100156.25	28.2	9.5	33	https://maxar-opendata.s3.amazonaws.com/events/volcano-indonesia21/ard/49/300020321211/2021-12-10/1050010028AC8900-visual.tif
2021-12-10 03:13:38+00:00	GE01	0.65	0.0.1	1050010028AC8900	49	300020321300	39.0	261.4	45.9	134.4	68.1	32749	719843.75,9094843.75,725156.25,9100156.25	28.2	15.5	55	https://maxar-opendata.s3.amazonaws.com/events/volcano-indonesia21/ard/49/300020321300/2021-12-10/1050010028AC8900-visual.tif
2021-12-10 03:13:38+00:00	GE01	0.66	0.0.1	1050010028AC8900	49	300020321301	39.1	261.5	45.8	134.4	68.1	32749	724843.75,9094843.75,726207.8857421875,9100156.25	7.0	4.8	69	https://maxar-opendata.s3.amazonaws.com/events/volcano-indonesia21/ard/49/300020321301/2021-12-10/1050010028AC8900-visual.tif
2021-12-10 03:13:38+00:00	GE01	0.65	0.0.1	1050010028AC8900	49	300020321303	39.0	261.8	45.9	134.4	68.1	32749	724843.75,9093504.028320312,726243.896484375,9095156.25	2.2	2.1	96	https://maxar-opendata.s3.amazonaws.com/events/volcano-indonesia21/ard/49/300020321303/2021-12-10/1050010028AC8900-visual.tif
2021-12-10 03:13:39+00:00	GE01	0.63	0.0.1	1050010028AC8900	49	300020320133	38.1	259.7	46.9	134.5	68.0	32749	698110.6567382812,9099843.75,700156.25,9105156.25	10.5	2.3	22	https://maxar-opendata.s3.amazonaws.com/events/volcano-indonesia21/ard/49/300020320133/2021-12-10/1050010028AC8900-visual.tif
2021-12-10 03:13:39+00:00	GE01	0.63	0.0.1	1050010028AC8900	49	300020321022	38.3	259.8	46.8	134.5	68.0	32749	699843.75,9099843.75,705156.25,9105156.25	28.2	16.6	59	https://maxar-opendata.s3.amazonaws.com/events/volcano-indonesia21/ard/49/300020321022/2021-12-10/1050010028AC8900-visual.tif
2021-12-10 03:13:39+00:00	GE01	0.64	0.0.1	1050010028AC8900	49	300020321023	38.5	259.9	46.5	134.5	68.0	32749	704843.75,9099843.75,710156.25,9105156.25	28.2	25.9	91	https://maxar-opendata.s3.amazonaws.com/events/volcano-indonesia21/ard/49/300020321023/2021-12-10/1050010028AC8900-visual.tif
2021-12-10 03:13:39+00:00	GE01	0.65	0.0.1	1050010028AC8900	49	300020321032	38.7	260.0	46.2	134.5	68.0	32749	709843.75,9099843.75,715156.25,9105156.25	28.2	25.3	89	https://maxar-opendata.s3.amazonaws.com/events/volcano-indonesia21/ard/49/300020321032/2021-12-10/1050010028AC8900-visual.tif
2021-12-10 03:13:39+00:00	GE01	0.65	0.0.1	1050010028AC8900	49	300020321033	38.9	260.2	46.0	134.5	68.0	32749	714843.75,9099843.75,720156.25,9105156.25	28.2	16.4	58	https://maxar-opendata.s3.amazonaws.com/events/volcano-indonesia21/ard/49/300020321033/2021-12-10/1050010028AC8900-visual.tif
2021-12-10 03:13:39+00:00	GE01	0.66	0.0.1	1050010028AC8900	49	300020321122	39.1	260.3	45.7	134.5	68.0	32749	719843.75,9099843.75,725156.25,9105156.25	28.2	20.8	73	https://maxar-opendata.s3.amazonaws.com/events/volcano-indonesia21/ard/49/300020321122/2021-12-10/1050010028AC8900-visual.tif
2021-12-10 03:13:39+00:00	GE01	0.66	0.0.1	1050010028AC8900	49	300020321123	39.2	260.4	45.6	134.5	68.0	32749	724843.75,9099843.75,726183.7768554688,9105156.25	6.8	5.0	73	https://maxar-opendata.s3.amazonaws.com/events/volcano-indonesia21/ard/49/300020321123/2021-12-10/1050010028AC8900-visual.tif
2021-12-10 03:13:40+00:00	GE01	0.63	0.0.1	1050010028AC8900	49	300020320131	38.3	258.5	46.7	134.6	68.0	32749	698073.1201171875,9104843.75,700156.25,9110156.25	10.9	1.5	14	https://maxar-opendata.s3.amazonaws.com/events/volcano-indonesia21/ard/49/300020320131/2021-12-10/1050010028AC8900-visual.tif
2021-12-10 03:13:40+00:00	GE01	0.64	0.0.1	1050010028AC8900	49	300020321020	38.4	258.7	46.6	134.6	68.0	32749	699843.75,9104843.75,705156.25,9110156.25	28.2	22.5	80	https://maxar-opendata.s3.amazonaws.com/events/volcano-indonesia21/ard/49/300020321020/2021-12-10/1050010028AC8900-visual.tif
2021-12-10 03:13:40+00:00	GE01	0.64	0.0.1	1050010028AC8900	49	300020321021	38.7	258.8	46.3	134.6	68.0	32749	704843.75,9104843.75,710156.25,9110156.25	28.2	27.2	96	https://maxar-opendata.s3.amazonaws.com/events/volcano-indonesia21/ard/49/300020321021/2021-12-10/1050010028AC8900-visual.tif
2021-12-10 03:13:40+00:00	GE01	0.65	0.0.1	1050010028AC8900	49	300020321030	38.9	258.9	46.0	134.6	68.0	32749	709843.75,9104843.75,715156.25,9110156.25	28.2	18.1	64	https://maxar-opendata.s3.amazonaws.com/events/volcano-indonesia21/ard/49/300020321030/2021-12-10/1050010028AC8900-visual.tif
2021-12-10 03:13:40+00:00	GE01	0.65	0.0.1	1050010028AC8900	49	300020321031	39.1	259.1	45.8	134.6	68.0	32749	714843.75,9104843.75,720156.25,9110156.25	28.2	13.2	46	https://maxar-opendata.s3.amazonaws.com/events/volcano-indonesia21/ard/49/300020321031/2021-12-10/1050010028AC8900-visual.tif
2021-12-10 03:13:40+00:00	GE01	0.66	0.0.1	1050010028AC8900	49	300020321120	39.3	259.2	45.6	134.5	68.0	32749	719843.75,9104843.75,725156.25,9110156.25	28.2	24.2	85	https://maxar-opendata.s3.amazonaws.com/events/volcano-indonesia21/ard/49/300020321120/2021-12-10/1050010028AC8900-visual.tif
2021-12-10 03:13:40+00:00	GE01	0.66	0.0.1	1050010028AC8900	49	300020321121	39.3	259.3	45.5	134.5	68.0	32749	724843.75,9104843.75,726162.7197265625,9110156.25	6.1	5.6	92	https://maxar-opendata.s3.amazonaws.com/events/volcano-indonesia21/ard/49/300020321121/2021-12-10/1050010028AC8900-visual.tif
2021-12-10 03:13:41+00:00	GE01	0.64	0.0.1	1050010028AC8900	49	300020320113	38.4	257.8	46.6	134.6	68.0	32749	698067.0166015625,9109843.75,700156.25,9113243.713378906	6.8	0.5	8	https://maxar-opendata.s3.amazonaws.com/events/volcano-indonesia21/ard/49/300020320113/2021-12-10/1050010028AC8900-visual.tif
2021-12-10 03:13:41+00:00	GE01	0.64	0.0.1	1050010028AC8900	49	300020321002	38.5	257.8	46.4	134.6	68.0	32749	699843.75,9109843.75,705156.25,9113719.787597656	19.2	15.3	79	https://maxar-opendata.s3.amazonaws.com/events/volcano-indonesia21/ard/49/300020321002/2021-12-10/1050010028AC8900-visual.tif
2021-12-10 03:13:41+00:00	GE01	0.65	0.0.1	1050010028AC8900	49	300020321003	38.8	257.9	46.1	134.6	68.0	32749	704843.75,9109843.75,710156.25,9114104.614257812	21.6	19.6	90	https://maxar-opendata.s3.amazonaws.com/events/volcano-indonesia21/ard/49/300020321003/2021-12-10/1050010028AC8900-visual.tif
2021-12-10 03:13:41+00:00	GE01	0.66	0.0.1	1050010028AC8900	49	300020321011	39.3	257.9	45.5	134.6	68.0	32749	717367.2485351562,9114843.75,720156.25,9115163.879394531	0.4	0.2	54	https://maxar-opendata.s3.amazonaws.com/events/volcano-indonesia21/ard/49/300020321011/2021-12-10/1050010028AC8900-visual.tif
2021-12-10 03:13:41+00:00	GE01	0.65	0.0.1	1050010028AC8900	49	300020321012	39.0	258.0	45.9	134.6	68.0	32749	709843.75,9109843.75,715156.25,9114620.666503906	23.9	21.7	90	https://maxar-opendata.s3.amazonaws.com/events/volcano-indonesia21/ard/49/300020321012/2021-12-10/1050010028AC8900-visual.tif
2021-12-10 03:13:41+00:00	GE01	0.66	0.0.1	1050010028AC8900	49	300020321013	39.2	258.1	45.6	134.6	68.0	32749	714843.75,9109843.75,720156.25,9115156.25	26.6	20.9	78	https://maxar-opendata.s3.amazonaws.com/events/volcano-indonesia21/ard/49/300020321013/2021-12-10/1050010028AC8900-visual.tif
2021-12-10 03:13:41+00:00	GE01	0.66	0.0.1	1050010028AC8900	49	300020321100	39.5	257.9	45.3	134.6	68.0	32749	719843.75,9114843.75,725156.25,9115690.91796875	3.0	2.5	83	https://maxar-opendata.s3.amazonaws.com/events/volcano-indonesia21/ard/49/300020321100/2021-12-10/1050010028AC8900-visual.tif
2021-12-10 03:13:41+00:00	GE01	0.66	0.0.1	1050010028AC8900	49	300020321101	39.5	258.1	45.3	134.6	68.0	32749	724843.75,9114843.75,725471.8017578125,9115718.688964844	0.4	0.3	68	https://maxar-opendata.s3.amazonaws.com/events/volcano-indonesia21/ard/49/300020321101/2021-12-10/1050010028AC8900-visual.tif
2021-12-10 03:13:41+00:00	GE01	0.66	0.0.1	1050010028AC8900	49	300020321102	39.4	258.3	45.4	134.6	68.0	32749	719843.75,9109843.75,725156.25,9115156.25	28.2	24.2	85	https://maxar-opendata.s3.amazonaws.com/events/volcano-indonesia21/ard/49/300020321102/2021-12-10/1050010028AC8900-visual.tif
2021-12-10 03:13:41+00:00	GE01	0.66	0.0.1	1050010028AC8900	49	300020321103	39.5	258.3	45.3	134.6	68.0	32749	724843.75,9109843.75,725920.1049804688,9115156.25	4.6	3.7	79	https://maxar-opendata.s3.amazonaws.com/events/volcano-indonesia21/ard/49/300020321103/2021-12-10/1050010028AC8900-visual.tif
2021-12-11 02:49:32+00:00	WV02	0.47	0.0.1	10300100CA966300	49	300020321103	7.2	63.1	81.9	127.0	63.5	32749	727949.5239257812,9109843.75,730156.25,9111920.166015625	4.5	3.4	75	https://maxar-opendata.s3.amazonaws.com/events/volcano-indonesia21/ard/49/300020321103/2021-12-11/10300100CA966300-visual.tif
2021-12-11 02:49:32+00:00	WV02	0.47	0.0.1	10300100CA966300	49	300020321112	7.0	62.6	82.1	127.0	63.5	32749	729843.75,9109843.75,735156.25,9111923.217773438	11.0	6.9	62	https://maxar-opendata.s3.amazonaws.com/events/volcano-indonesia21/ard/49/300020321112/2021-12-11/10300100CA966300-visual.tif
2021-12-11 02:49:32+00:00	WV02	0.47	0.0.1	10300100CA966300	49	300020321113	6.7	61.1	82.5	127.0	63.5	32749	734843.75,9109843.75,740156.25,9111917.114257812	10.9	5.1	46	https://maxar-opendata.s3.amazonaws.com/events/volcano-indonesia21/ard/49/300020321113/2021-12-11/10300100CA966300-visual.tif
2021-12-11 02:49:32+00:00	WV02	0.47	0.0.1	10300100CA966300	49	300020321121	7.2	62.8	81.9	127.0	63.5	32749	727885.1318359375,9104843.75,730156.25,9110156.25	11.8	5.8	49	https://maxar-opendata.s3.amazonaws.com/events/volcano-indonesia21/ard/49/300020321121/2021-12-11/10300100CA966300-visual.tif
2021-12-11 02:49:32+00:00	WV02	0.47	0.0.1	10300100CA966300	49	300020321123	7.2	61.8	81.9	126.9	63.5	32749	727846.6796875,9099843.75,730156.25,9105156.25	12.1	11.6	95	https://maxar-opendata.s3.amazonaws.com/events/volcano-indonesia21/ard/49/300020321123/2021-12-11/10300100CA966300-visual.tif
2021-12-11 02:49:32+00:00	WV02	0.47	0.0.1	10300100CA966300	49	300020321130	7.0	62.0	82.1	127.0	63.5	32749	729843.75,9104843.75,735156.25,9110156.25	28.2	18.6	65	https://maxar-opendata.s3.amazonaws.com/events/volcano-indonesia21/ard/49/300020321130/2021-12-11/10300100CA966300-visual.tif
2021-12-11 02:49:32+00:00	WV02	0.47	0.0.1	10300100CA966300	49	300020321131	6.7	60.5	82.5	127.0	63.5	32749	734843.75,9104843.75,740156.25,9110156.25	28.2	17.9	63	https://maxar-opendata.s3.amazonaws.com/events/volcano-indonesia21/ard/49/300020321131/2021-12-11/10300100CA966300-visual.tif
2021-12-11 02:49:32+00:00	WV02	0.47	0.0.1	10300100CA966300	49	300020321132	7.0	60.9	82.1	126.9	63.5	32749	729843.75,9099843.75,735156.25,9105156.25	28.2	27.6	98	https://maxar-opendata.s3.amazonaws.com/events/volcano-indonesia21/ard/49/300020321132/2021-12-11/10300100CA966300-visual.tif
2021-12-11 02:49:32+00:00	WV02	0.47	0.0.1	10300100CA966300	49	300020321133	6.7	59.4	82.5	126.9	63.5	32749	734843.75,9099843.75,740156.25,9105156.25	28.2	21.2	75	https://maxar-opendata.s3.amazonaws.com/events/volcano-indonesia21/ard/49/300020321133/2021-12-11/10300100CA966300-visual.tif
2021-12-11 02:49:32+00:00	WV02	0.47	0.0.1	10300100CA966300	49	300020330002	6.4	59.6	82.8	127.0	63.5	32749	739843.75,9109843.75,744462.890625,9111911.315917969	9.4	4.5	48	https://maxar-opendata.s3.amazonaws.com/events/volcano-indonesia21/ard/49/300020330002/2021-12-11/10300100CA966300-visual.tif
2021-12-11 02:49:32+00:00	WV02	0.47	0.0.1	10300100CA966300	49	300020330020	6.4	59.0	82.8	127.0	63.5	32749	739843.75,9104843.75,744447.6318359375,9110156.25	24.3	16.1	66	https://maxar-opendata.s3.amazonaws.com/events/volcano-indonesia21/ard/49/300020330020/2021-12-11/10300100CA966300-visual.tif
2021-12-11 02:49:32+00:00	WV02	0.47	0.0.1	10300100CA966300	49	300020330022	6.4	57.9	82.8	126.9	63.5	32749	739843.75,9099843.75,744417.4194335938,9105156.25	24.2	10.6	44	https://maxar-opendata.s3.amazonaws.com/events/volcano-indonesia21/ard/49/300020330022/2021-12-11/10300100CA966300-visual.tif
2021-12-11 02:49:33+00:00	WV02	0.47	0.0.1	10300100CA966300	49	300020321301	7.2	60.8	81.9	126.9	63.5	32749	727808.5327148438,9094843.75,730156.25,9100156.25	12.3	11.1	89	https://maxar-opendata.s3.amazonaws.com/events/volcano-indonesia21/ard/49/300020321301/2021-12-11/10300100CA966300-visual.tif
2021-12-11 02:49:33+00:00	WV02	0.47	0.0.1	10300100CA966300	49	300020321303	7.2	59.9	81.9	126.8	63.6	32749	727765.1977539062,9089843.75,730156.25,9095156.25	12.5	0.8	6	https://maxar-opendata.s3.amazonaws.com/events/volcano-indonesia21/ard/49/300020321303/2021-12-11/10300100CA966300-visual.tif
2021-12-11 02:49:33+00:00	WV02	0.47	0.0.1	10300100CA966300	49	300020321310	7.0	59.9	82.1	126.9	63.5	32749	729843.75,9094843.75,735156.25,9100156.25	28.2	12.0	42	https://maxar-opendata.s3.amazonaws.com/events/volcano-indonesia21/ard/49/300020321310/2021-12-11/10300100CA966300-visual.tif
2021-12-11 02:49:33+00:00	WV02	0.47	0.0.1	10300100CA966300	49	300020321311	6.7	58.3	82.5	126.9	63.5	32749	734843.75,9094843.75,740156.25,9100156.25	28.2	3.1	11	https://maxar-opendata.s3.amazonaws.com/events/volcano-indonesia21/ard/49/300020321311/2021-12-11/10300100CA966300-visual.tif
2021-12-11 02:49:33+00:00	WV02	0.47	0.0.1	10300100CA966300	49	300020321312	7.0	58.9	82.1	126.8	63.6	32749	729843.75,9089843.75,735156.25,9095156.25	28.2	0.0	0	https://maxar-opendata.s3.amazonaws.com/events/volcano-indonesia21/ard/49/300020321312/2021-12-11/10300100CA966300-visual.tif
2021-12-11 02:49:33+00:00	WV02	0.47	0.0.1	10300100CA966300	49	300020321313	6.7	57.3	82.5	126.8	63.6	32749	734843.75,9089843.75,740156.25,9095156.25	28.2	0.0	0	https://maxar-opendata.s3.amazonaws.com/events/volcano-indonesia21/ard/49/300020321313/2021-12-11/10300100CA966300-visual.tif
2021-12-11 02:49:33+00:00	WV02	0.47	0.0.1	10300100CA966300	49	300020330200	6.4	56.8	82.8	126.9	63.5	32749	739843.75,9094843.75,744390.869140625,9100156.25	24.0	3.5	14	https://maxar-opendata.s3.amazonaws.com/events/volcano-indonesia21/ard/49/300020330200/2021-12-11/10300100CA966300-visual.tif
2021-12-11 02:49:33+00:00	WV02	0.47	0.0.1	10300100CA966300	49	300020330202	6.4	55.7	82.8	126.8	63.6	32749	739843.75,9089843.75,744362.1826171875,9095156.25	23.9	0.0	0	https://maxar-opendata.s3.amazonaws.com/events/volcano-indonesia21/ard/49/300020330202/2021-12-11/10300100CA966300-visual.tif
2021-12-11 02:49:34+00:00	WV02	0.47	0.0.1	10300100CA966300	49	300020321321	7.2	58.9	81.9	126.8	63.6	32749	727714.5385742188,9084843.75,730156.25,9090156.25	12.7	0.0	0	https://maxar-opendata.s3.amazonaws.com/events/volcano-indonesia21/ard/49/300020321321/2021-12-11/10300100CA966300-visual.tif
2021-12-11 02:49:34+00:00	WV02	0.47	0.0.1	10300100CA966300	49	300020321323	7.2	58.6	81.9	126.8	63.6	32749	727714.5385742188,9084843.444824219,730156.25,9085156.25	0.7	0.0	0	https://maxar-opendata.s3.amazonaws.com/events/volcano-indonesia21/ard/49/300020321323/2021-12-11/10300100CA966300-visual.tif
2021-12-11 02:49:34+00:00	WV02	0.47	0.0.1	10300100CA966300	49	300020321330	7.0	57.9	82.1	126.8	63.6	32749	729843.75,9084849.243164062,735156.25,9090156.25	28.1	0.1	0	https://maxar-opendata.s3.amazonaws.com/events/volcano-indonesia21/ard/49/300020321330/2021-12-11/10300100CA966300-visual.tif
2021-12-11 02:49:34+00:00	WV02	0.47	0.0.1	10300100CA966300	49	300020321331	6.7	56.3	82.5	126.8	63.6	32749	734843.75,9084863.28125,740156.25,9090156.25	28.0	0.0	0	https://maxar-opendata.s3.amazonaws.com/events/volcano-indonesia21/ard/49/300020321331/2021-12-11/10300100CA966300-visual.tif
2021-12-11 02:49:34+00:00	WV02	0.47	0.0.1	10300100CA966300	49	300020321332	7.0	57.7	82.1	126.8	63.6	32749	729843.75,9084849.243164062,735156.25,9085156.25	1.5	0.0	0	https://maxar-opendata.s3.amazonaws.com/events/volcano-indonesia21/ard/49/300020321332/2021-12-11/10300100CA966300-visual.tif
2021-12-11 02:49:34+00:00	WV02	0.47	0.0.1	10300100CA966300	49	300020321333	6.7	56.0	82.5	126.8	63.6	32749	734843.75,9084863.28125,740156.25,9085156.25	1.5	0.0	0	https://maxar-opendata.s3.amazonaws.com/events/volcano-indonesia21/ard/49/300020321333/2021-12-11/10300100CA966300-visual.tif
2021-12-11 02:49:34+00:00	WV02	0.47	0.0.1	10300100CA966300	49	300020330220	6.5	54.7	82.8	126.8	63.6	32749	739843.75,9084874.572753906,744332.5805664062,9090156.25	23.5	0.0	0	https://maxar-opendata.s3.amazonaws.com/events/volcano-indonesia21/ard/49/300020330220/2021-12-11/10300100CA966300-visual.tif
2021-12-11 02:49:34+00:00	WV02	0.47	0.0.1	10300100CA966300	49	300020330222	6.5	54.5	82.8	126.8	63.6	32749	739843.75,9084874.572753906,744301.4526367188,9085156.25	1.2	0.0	0	https://maxar-opendata.s3.amazonaws.com/events/volcano-indonesia21/ard/49/300020330222/2021-12-11/10300100CA966300-visual.tif
2021-12-11 02:49:41+00:00	WV02	0.47	0.0.1	10300100CA894800	49	300020330222	4.3	85.5	85.1	127.0	63.7	32749	742519.8364257812,9084978.02734375,745156.25,9085156.25	0.4	0.0	0	https://maxar-opendata.s3.amazonaws.com/events/volcano-indonesia21/ard/49/300020330222/2021-12-11/10300100CA894800-visual.tif
2021-12-11 02:49:41+00:00	WV02	0.47	0.0.1	10300100CA894800	49	300020330223	4.1	84.1	85.4	127.0	63.7	32749	744843.75,9084953.308105469,750156.25,9085156.25	1.0	0.0	0	https://maxar-opendata.s3.amazonaws.com/events/volcano-indonesia21/ard/49/300020330223/2021-12-11/10300100CA894800-visual.tif
2021-12-11 02:49:41+00:00	WV02	0.47	0.0.1	10300100CA894800	49	300020330232	3.8	83.6	85.8	127.0	63.7	32749	749843.75,9084928.588867188,755156.25,9085156.25	1.1	0.0	0	https://maxar-opendata.s3.amazonaws.com/events/volcano-indonesia21/ard/49/300020330232/2021-12-11/10300100CA894800-visual.tif
2021-12-11 02:49:41+00:00	WV02	0.47	0.0.1	10300100CA894800	49	300020330233	3.4	84.0	86.1	127.0	63.7	32749	754843.75,9084909.973144531,758968.8110351562,9085156.25	0.9	0.0	0	https://maxar-opendata.s3.amazonaws.com/events/volcano-indonesia21/ard/49/300020330233/2021-12-11/10300100CA894800-visual.tif
2021-12-11 02:49:42+00:00	WV02	0.47	0.0.1	10300100CA894800	49	300020330202	4.3	94.5	85.2	127.0	63.7	32749	742548.828125,9089843.75,745156.25,9095156.25	13.7	0.0	0	https://maxar-opendata.s3.amazonaws.com/events/volcano-indonesia21/ard/49/300020330202/2021-12-11/10300100CA894800-visual.tif
2021-12-11 02:49:42+00:00	WV02	0.47	0.0.1	10300100CA894800	49	300020330203	4.1	94.9	85.4	127.0	63.7	32749	744843.75,9089843.75,750156.25,9095156.25	28.2	0.0	0	https://maxar-opendata.s3.amazonaws.com/events/volcano-indonesia21/ard/49/300020330203/2021-12-11/10300100CA894800-visual.tif
2021-12-11 02:49:42+00:00	WV02	0.47	0.0.1	10300100CA894800	49	300020330212	3.7	95.4	85.9	127.0	63.7	32749	749843.75,9089843.75,755156.25,9095156.25	28.2	0.0	0	https://maxar-opendata.s3.amazonaws.com/events/volcano-indonesia21/ard/49/300020330212/2021-12-11/10300100CA894800-visual.tif
2021-12-11 02:49:42+00:00	WV02	0.46	0.0.1	10300100CA894800	49	300020330213	3.4	96.0	86.2	127.0	63.7	32749	754843.75,9089843.75,759019.775390625,9095156.25	22.1	0.2	1	https://maxar-opendata.s3.amazonaws.com/events/volcano-indonesia21/ard/49/300020330213/2021-12-11/10300100CA894800-visual.tif
2021-12-11 02:49:42+00:00	WV02	0.47	0.0.1	10300100CA894800	49	300020330220	4.4	86.5	85.1	127.0	63.7	32749	742519.8364257812,9084978.02734375,745156.25,9090156.25	13.5	0.0	0	https://maxar-opendata.s3.amazonaws.com/events/volcano-indonesia21/ard/49/300020330220/2021-12-11/10300100CA894800-visual.tif
2021-12-11 02:49:42+00:00	WV02	0.47	0.0.1	10300100CA894800	49	300020330221	4.1	86.4	85.4	127.0	63.7	32749	744843.75,9084953.308105469,750156.25,9090156.25	27.5	0.0	0	https://maxar-opendata.s3.amazonaws.com/events/volcano-indonesia21/ard/49/300020330221/2021-12-11/10300100CA894800-visual.tif
2021-12-11 02:49:42+00:00	WV02	0.47	0.0.1	10300100CA894800	49	300020330230	3.7	86.0	85.8	127.0	63.7	32749	749843.75,9084928.588867188,755156.25,9090156.25	27.7	0.0	0	https://maxar-opendata.s3.amazonaws.com/events/volcano-indonesia21/ard/49/300020330230/2021-12-11/10300100CA894800-visual.tif
2021-12-11 02:49:42+00:00	WV02	0.47	0.0.1	10300100CA894800	49	300020330231	3.4	85.7	86.2	127.0	63.7	32749	754843.75,9084909.973144531,758991.3940429688,9090156.25	21.6	0.3	1	https://maxar-opendata.s3.amazonaws.com/events/volcano-indonesia21/ard/49/300020330231/2021-12-11/10300100CA894800-visual.tif
2021-12-11 02:49:43+00:00	WV02	0.47	0.0.1	10300100CA894800	49	300020330022	4.5	111.1	85.0	127.1	63.7	32749	742608.3374023438,9099843.75,745156.25,9105156.25	13.4	3.4	25	https://maxar-opendata.s3.amazonaws.com/events/volcano-indonesia21/ard/49/300020330022/2021-12-11/10300100CA894800-visual.tif
2021-12-11 02:49:43+00:00	WV02	0.47	0.0.1	10300100CA894800	49	300020330023	4.3	112.3	85.2	127.1	63.7	32749	744843.75,9099843.75,750156.25,9105156.25	28.2	2.7	9	https://maxar-opendata.s3.amazonaws.com/events/volcano-indonesia21/ard/49/300020330023/2021-12-11/10300100CA894800-visual.tif
2021-12-11 02:49:43+00:00	WV02	0.47	0.0.1	10300100CA894800	49	300020330032	3.9	114.4	85.6	127.1	63.7	32749	749843.75,9099843.75,755156.25,9105156.25	28.2	0.3	1	https://maxar-opendata.s3.amazonaws.com/events/volcano-indonesia21/ard/49/300020330032/2021-12-11/10300100CA894800-visual.tif
2021-12-11 02:49:43+00:00	WV02	0.47	0.0.1	10300100CA894800	49	300020330033	3.6	116.5	85.9	127.1	63.7	32749	754843.75,9099843.75,759082.3364257812,9105156.25	22.4	0.3	1	https://maxar-opendata.s3.amazonaws.com/events/volcano-indonesia21/ard/49/300020330033/2021-12-11/10300100CA894800-visual.tif
2021-12-11 02:49:43+00:00	WV02	0.47	0.0.1	10300100CA894800	49	300020330200	4.4	102.9	85.1	127.1	63.7	32749	742580.56640625,9094843.75,745156.25,9100156.25	13.6	1.1	8	https://maxar-opendata.s3.amazonaws.com/events/volcano-indonesia21/ard/49/300020330200/2021-12-11/10300100CA894800-visual.tif
2021-12-11 02:49:43+00:00	WV02	0.47	0.0.1	10300100CA894800	49	300020330201	4.1	103.8	85.4	127.1	63.7	32749	744843.75,9094843.75,750156.25,9100156.25	28.2	1.0	3	https://maxar-opendata.s3.amazonaws.com/events/volcano-indonesia21/ard/49/300020330201/2021-12-11/10300100CA894800-visual.tif
2021-12-11 02:49:43+00:00	WV02	0.47	0.0.1	10300100CA894800	49	300020330210	3.8	105.2	85.8	127.1	63.7	32749	749843.75,9094843.75,755156.25,9100156.25	28.2	0.0	0	https://maxar-opendata.s3.amazonaws.com/events/volcano-indonesia21/ard/49/300020330210/2021-12-11/10300100CA894800-visual.tif
2021-12-11 02:49:43+00:00	WV02	0.47	0.0.1	10300100CA894800	49	300020330211	3.5	106.6	86.1	127.1	63.7	32749	754843.75,9094843.75,759050.5981445312,9100156.25	22.2	0.3	1	https://maxar-opendata.s3.amazonaws.com/events/volcano-indonesia21/ard/49/300020330211/2021-12-11/10300100CA894800-visual.tif
2021-12-11 02:49:44+00:00	WV02	0.47	0.0.1	10300100CA894800	49	300020330002	4.8	122.0	84.6	127.2	63.7	32749	742665.4052734375,9109843.75,745156.25,9111849.060058594	4.9	2.2	44	https://maxar-opendata.s3.amazonaws.com/events/volcano-indonesia21/ard/49/300020330002/2021-12-11/10300100CA894800-visual.tif
2021-12-11 02:49:44+00:00	WV02	0.47	0.0.1	10300100CA894800	49	300020330003	4.6	124.1	84.8	127.2	63.7	32749	744843.75,9109843.75,750156.25,9111832.580566406	10.4	3.9	38	https://maxar-opendata.s3.amazonaws.com/events/volcano-indonesia21/ard/49/300020330003/2021-12-11/10300100CA894800-visual.tif
2021-12-11 02:49:44+00:00	WV02	0.47	0.0.1	10300100CA894800	49	300020330012	4.3	126.9	85.1	127.2	63.7	32749	749843.75,9109843.75,755156.25,9111783.447265625	10.1	5.6	55	https://maxar-opendata.s3.amazonaws.com/events/volcano-indonesia21/ard/49/300020330012/2021-12-11/10300100CA894800-visual.tif
2021-12-11 02:49:44+00:00	WV02	0.47	0.0.1	10300100CA894800	49	300020330013	4.1	128.8	85.5	127.2	63.7	32749	754843.75,9109843.75,759133.9111328125,9111733.703613281	8.0	3.3	41	https://maxar-opendata.s3.amazonaws.com/events/volcano-indonesia21/ard/49/300020330013/2021-12-11/10300100CA894800-visual.tif
2021-12-11 02:49:44+00:00	WV02	0.47	0.0.1	10300100CA894800	49	300020330020	4.7	118.6	84.7	127.2	63.7	32749	742633.6669921875,9104843.75,745156.25,9110156.25	13.3	9.0	67	https://maxar-opendata.s3.amazonaws.com/events/volcano-indonesia21/ard/49/300020330020/2021-12-11/10300100CA894800-visual.tif
2021-12-11 02:49:44+00:00	WV02	0.47	0.0.1	10300100CA894800	49	300020330021	4.5	120.1	85.0	127.2	63.7	32749	744843.75,9104843.75,750156.25,9110156.25	28.2	15.1	53	https://maxar-opendata.s3.amazonaws.com/events/volcano-indonesia21/ard/49/300020330021/2021-12-11/10300100CA894800-visual.tif
2021-12-11 02:49:44+00:00	WV02	0.47	0.0.1	10300100CA894800	49	300020330030	4.2	122.7	85.3	127.2	63.7	32749	749843.75,9104843.75,755156.25,9110156.25	28.2	9.2	32	https://maxar-opendata.s3.amazonaws.com/events/volcano-indonesia21/ard/49/300020330030/2021-12-11/10300100CA894800-visual.tif
2021-12-11 02:49:44+00:00	WV02	0.47	0.0.1	10300100CA894800	49	300020330031	3.9	125.3	85.6	127.2	63.7	32749	754843.75,9104843.75,759119.5678710938,9110156.25	22.6	4.8	21	https://maxar-opendata.s3.amazonaws.com/events/volcano-indonesia21/ard/49/300020330031/2021-12-11/10300100CA894800-visual.tif
